Date,Close,Open,Low,High
1/2/2015 16:00:00,308.52,312.5,306.96,314.75
1/5/2015 16:00:00,302.19,307.02,300.85,308.38
1/6/2015 16:00:00,295.29,302.2,292.38,303
1/7/2015 16:00:00,298.42,297.54,295.33,301.28
1/8/2015 16:00:00,300.46,300.59,296.11,303.14
1/9/2015 16:00:00,296.93,301.5,296.68,302.87
1/12/2015 16:00:00,291.41,297.96,289.28,298.51
1/13/2015 16:00:00,294.74,297.48,293.23,301.5
1/14/2015 16:00:00,293.27,291.93,286.5,295.91
1/15/2015 16:00:00,286.95,294,286.82,296
1/16/2015 16:00:00,290.74,286.15,285.25,290.79
1/20/2015 16:00:00,289.44,292.59,286.39,293.36
1/21/2015 16:00:00,297.25,289.64,287.26,306
1/22/2015 16:00:00,310.32,300,300,312.25
1/23/2015 16:00:00,312.39,308.08,307.72,316.93
1/26/2015 16:00:00,309.66,312,307.52,313
1/27/2015 16:00:00,306.75,306.3,302.63,310.24
1/28/2015 16:00:00,303.91,309.5,303.8,311.51
1/29/2015 16:00:00,311.78,304.73,299.33,312.8
1/30/2015 16:00:00,354.53,346.32,340.74,359.5
2/2/2015 16:00:00,364.47,350.05,350.01,365
2/3/2015 16:00:00,363.55,360.29,360.21,367.82
2/4/2015 16:00:00,364.75,358.38,358.23,367.5
2/5/2015 16:00:00,373.89,366,365.9,378.8
2/6/2015 16:00:00,374.28,374.87,371.01,375.99
2/9/2015 16:00:00,370.56,371,367.2,374.41
2/10/2015 16:00:00,373,371.19,368.51,374.3
2/11/2015 16:00:00,375.14,371.23,371.1,377.1
2/12/2015 16:00:00,377.17,375,373.15,378.51
2/13/2015 16:00:00,381.83,378.31,377.01,383
2/17/2015 16:00:00,375.43,378.83,372.67,379.99
2/18/2015 16:00:00,373.37,373.78,372.85,376.74
2/19/2015 16:00:00,379,373.43,373.43,381.88
2/20/2015 16:00:00,383.66,378.61,375.84,383.7
2/23/2015 16:00:00,380.14,383.37,378,384.54
2/24/2015 16:00:00,378.59,378.64,376.16,380.48
2/25/2015 16:00:00,385.37,377,376.54,387.85
2/26/2015 16:00:00,384.8,384.07,383.28,389.37
2/27/2015 16:00:00,380.16,384,379.79,385.99
3/2/2015 16:00:00,385.66,380.85,379.48,385.9
3/3/2015 16:00:00,384.61,383.95,381.6,386.1
3/4/2015 16:00:00,382.72,385.71,382.19,387.9
3/5/2015 16:00:00,387.83,385.5,383.89,388.42
3/6/2015 16:00:00,380.09,385.68,378.88,387
3/9/2015 16:00:00,378.56,378.4,375.28,379.33
3/10/2015 16:00:00,369.51,377.19,369.18,377.77
3/11/2015 16:00:00,366.37,370.5,366.26,373.35
3/12/2015 16:00:00,374.24,368.82,367.52,375.5
3/13/2015 16:00:00,370.58,371.67,366.68,373.99
3/16/2015 16:00:00,373.35,370.5,366.72,373.94
3/17/2015 16:00:00,371.92,371.11,369.64,374.5
3/18/2015 16:00:00,375.14,369.97,366.7,375.99
3/19/2015 16:00:00,373.24,374.16,372.19,377.11
3/20/2015 16:00:00,378.49,376.1,375.92,379.37
3/23/2015 16:00:00,375.11,378.07,374.94,381.77
3/24/2015 16:00:00,374.09,374.01,372.27,375.24
3/25/2015 16:00:00,370.96,375.55,370.29,380.5
3/26/2015 16:00:00,367.35,369,365.65,371.4
3/27/2015 16:00:00,370.56,367,366.57,373.17
3/30/2015 16:00:00,374.59,371.87,371.55,376.12
3/31/2015 16:00:00,372.1,373.09,371.51,377.7
4/1/2015 16:00:00,370.26,372.1,368.34,373.16
4/2/2015 16:00:00,372.25,370.04,369,373.28
4/6/2015 16:00:00,377.04,370.12,369.36,380.2
4/7/2015 16:00:00,374.41,376.07,374.03,379.31
4/8/2015 16:00:00,381.2,374.66,374.65,381.58
4/9/2015 16:00:00,383.54,380.74,378.8,384.42
4/10/2015 16:00:00,382.65,384.26,381.32,387.12
4/13/2015 16:00:00,382.36,383.53,380.14,385.28
4/14/2015 16:00:00,385.11,383.48,381.21,387.81
4/15/2015 16:00:00,383.45,384.95,381.64,385.78
4/16/2015 16:00:00,386.04,383.69,383.55,387.45
4/17/2015 16:00:00,375.56,382.51,374.4,383.56
4/20/2015 16:00:00,389.51,378.55,377,391.94
4/21/2015 16:00:00,391.18,391,386.8,394.6
4/22/2015 16:00:00,389.8,391.98,388,394.28
4/23/2015 16:00:00,389.99,390.21,386.15,391.88
4/24/2015 16:00:00,445.1,439,439,452.65
4/27/2015 16:00:00,438.56,443.9,437.41,446.99
4/28/2015 16:00:00,429.31,438.51,428.04,439
4/29/2015 16:00:00,429.37,426.76,426.03,434.24
4/30/2015 16:00:00,421.78,427.15,419.24,431.75
5/1/2015 16:00:00,422.87,424,416,425.64
5/4/2015 16:00:00,423.04,424.8,422.42,429.77
5/5/2015 16:00:00,421.19,422.85,421.02,427.51
5/6/2015 16:00:00,419.1,421.92,414.55,422.72
5/7/2015 16:00:00,426.88,423.96,422.85,428.5
5/8/2015 16:00:00,433.69,430.75,430.17,435.2
5/11/2015 16:00:00,432.85,432.51,431.37,439
5/12/2015 16:00:00,431.02,431.01,426.71,433.25
5/13/2015 16:00:00,426.87,429.58,425.8,433.53
5/14/2015 16:00:00,432.28,429.26,427.01,433
5/15/2015 16:00:00,426,428,424.3,430.4
5/18/2015 16:00:00,425.24,425.77,421.46,427.27
5/19/2015 16:00:00,421.71,424.94,420.63,428.24
5/20/2015 16:00:00,423.86,420.69,418.36,427.1
5/21/2015 16:00:00,431.63,428,428,436.9
5/22/2015 16:00:00,427.63,431.55,427.61,432.44
5/26/2015 16:00:00,425.47,426.4,422,427
5/27/2015 16:00:00,431.42,427.63,425.01,431.85
5/28/2015 16:00:00,426.57,429.71,425.47,431.35
5/29/2015 16:00:00,429.23,427.31,427.23,432.5
6/1/2015 16:00:00,430.92,430.41,426.2,433.16
6/2/2015 16:00:00,430.99,430,426.25,433.23
6/3/2015 16:00:00,436.59,434.4,432.75,438.39
6/4/2015 16:00:00,430.78,434.4,429.26,436.76
6/5/2015 16:00:00,426.95,429.46,426.5,430.8
6/8/2015 16:00:00,423.5,425.63,421.43,426.8
6/9/2015 16:00:00,425.48,422.46,419.14,427.49
6/10/2015 16:00:00,430.77,426.46,425.66,432.2
6/11/2015 16:00:00,432.97,432.29,431.47,438.89
6/12/2015 16:00:00,429.92,431.03,428.26,432.36
6/15/2015 16:00:00,423.67,427.66,422.64,428.05
6/16/2015 16:00:00,427.26,423.62,422.67,427.97
6/17/2015 16:00:00,427.81,428.36,424.75,431.35
6/18/2015 16:00:00,439.39,430.37,429.41,439.73
6/19/2015 16:00:00,434.92,440.39,433.24,444.99
6/22/2015 16:00:00,436.29,437,434.18,439.24
6/23/2015 16:00:00,445.99,435.58,433.69,447.04
6/24/2015 16:00:00,440.84,444.99,440.23,446.47
6/25/2015 16:00:00,440.1,438.24,436.39,443.47
6/26/2015 16:00:00,438.1,442.19,435.06,443.49
6/29/2015 16:00:00,429.86,434.82,429,437
6/30/2015 16:00:00,434.09,434.21,430.46,435.57
7/1/2015 16:00:00,437.39,439.07,435.58,440
7/2/2015 16:00:00,437.71,437.31,433.48,438.2
7/6/2015 16:00:00,436.04,435.23,433.52,439.73
7/7/2015 16:00:00,436.72,435.68,425.57,437.73
7/8/2015 16:00:00,429.7,434.35,428.83,435.99
7/9/2015 16:00:00,434.39,434.9,434.15,438.72
7/10/2015 16:00:00,443.51,440.49,439,444.72
7/13/2015 16:00:00,455.57,448.29,447.54,457.87
7/14/2015 16:00:00,465.57,462.32,458.16,469.6
7/15/2015 16:00:00,461.19,463.04,460.2,464.7
7/16/2015 16:00:00,475.48,465.5,464.8,475.88
7/17/2015 16:00:00,483.01,477.7,477.25,485.42
7/20/2015 16:00:00,488.1,492.57,485.4,493.2
7/21/2015 16:00:00,488,487.9,482.55,488.88
7/22/2015 16:00:00,488.27,485.99,484.9,492.5
7/23/2015 16:00:00,482.18,491.66,475.7,491.66
7/24/2015 16:00:00,529.42,578.99,529.35,580.57
7/27/2015 16:00:00,531.41,527.75,526.6,544.95
7/28/2015 16:00:00,526.03,536,523.12,536.39
7/29/2015 16:00:00,529,530.92,525.02,532.97
7/30/2015 16:00:00,536.76,527.65,524.29,539.2
7/31/2015 16:00:00,536.15,539.09,534.52,542.84
8/3/2015 16:00:00,535.03,537.45,529.36,540.44
8/4/2015 16:00:00,531.9,529.69,529.16,536.95
8/5/2015 16:00:00,537.01,538.8,534.12,539.14
8/6/2015 16:00:00,529.46,539.3,527.52,542.74
8/7/2015 16:00:00,522.62,529.16,518.21,529.46
8/10/2015 16:00:00,524,528.52,523,532.28
8/11/2015 16:00:00,527.46,523.65,522,528.98
8/12/2015 16:00:00,525.91,523.75,513.06,527.5
8/13/2015 16:00:00,529.66,527.37,525.48,534.66
8/14/2015 16:00:00,531.52,528.25,528.25,534.11
8/17/2015 16:00:00,535.22,531.29,527.12,538.74
8/18/2015 16:00:00,535.02,535.04,533,539.49
8/19/2015 16:00:00,532.92,533.74,529,537.25
8/20/2015 16:00:00,515.78,530.39,515.77,533.25
8/21/2015 16:00:00,494.47,507.36,494.47,512.33
8/24/2015 16:00:00,463.37,463.58,451,489.76
8/25/2015 16:00:00,466.37,487.49,466.25,489.44
8/26/2015 16:00:00,500.77,484.02,478.76,503.72
8/27/2015 16:00:00,518.37,513.71,507.26,522.69
8/28/2015 16:00:00,518.01,517.5,513.04,521.5
8/31/2015 16:00:00,512.89,516.44,509.07,519.41
9/1/2015 16:00:00,496.54,499.14,493.43,510
9/2/2015 16:00:00,510.55,505.09,497.72,510.86
9/3/2015 16:00:00,504.72,514.5,502.57,515.84
9/4/2015 16:00:00,499,497.65,495.64,502.85
9/8/2015 16:00:00,517.54,508.69,508.51,518.35
9/9/2015 16:00:00,516.89,524,515.06,529.95
9/10/2015 16:00:00,522.24,515.15,514.78,526.13
9/11/2015 16:00:00,529.44,521.07,520.61,529.44
9/14/2015 16:00:00,521.38,529.44,518.58,532.45
9/15/2015 16:00:00,522.37,523.25,517.2,527.92
9/16/2015 16:00:00,527.39,521.98,518.52,528.3
9/17/2015 16:00:00,538.87,526.98,526.57,546.97
9/18/2015 16:00:00,540.26,534.62,531.35,546.24
9/21/2015 16:00:00,548.39,544.33,539.59,549.78
9/22/2015 16:00:00,538.4,539.71,532.66,543.55
9/23/2015 16:00:00,536.07,538.3,534,541.21
9/24/2015 16:00:00,533.75,530.55,522.87,534.56
9/25/2015 16:00:00,524.25,542.57,521.4,542.8
9/28/2015 16:00:00,504.06,520.02,494.33,520.28
9/29/2015 16:00:00,496.07,506,490.5,511.48
9/30/2015 16:00:00,511.89,505.44,501.67,512.8
10/1/2015 16:00:00,520.72,511,506,520.8
10/2/2015 16:00:00,532.54,512.99,508.1,532.6
10/5/2015 16:00:00,543.68,536.99,536,545.91
10/6/2015 16:00:00,537.48,545.5,533.33,551.5
10/7/2015 16:00:00,541.94,541.79,529,542
10/8/2015 16:00:00,533.16,536.71,519.89,539.39
10/9/2015 16:00:00,539.8,534.48,530.27,541.79
10/12/2015 16:00:00,550.19,539.96,539.8,550.82
10/13/2015 16:00:00,548.9,546.26,543.1,553.2
10/14/2015 16:00:00,544.83,551.34,539.68,552.25
10/15/2015 16:00:00,562.44,547.75,547,563
10/16/2015 16:00:00,570.76,565.27,560.31,570.94
10/19/2015 16:00:00,573.15,570.76,567.38,579
10/20/2015 16:00:00,560.88,572,555.28,573
10/21/2015 16:00:00,555.77,563.87,552.52,565.25
10/22/2015 16:00:00,563.91,562.7,556.67,569.15
10/23/2015 16:00:00,599.03,617.68,595.36,619.45
10/26/2015 16:00:00,608.61,602.3,596.29,609.85
10/27/2015 16:00:00,611.01,608.6,605.53,614.71
10/28/2015 16:00:00,617.1,612.3,609.5,617.23
10/29/2015 16:00:00,626.55,617.7,615.39,627.54
10/30/2015 16:00:00,625.9,626.01,625.28,630.72
11/2/2015 16:00:00,628.35,627.13,620.41,628.63
11/3/2015 16:00:00,625.31,629.53,622,629.89
11/4/2015 16:00:00,640.95,627.76,627.35,645.93
11/5/2015 16:00:00,655.65,647.1,643.09,657
11/6/2015 16:00:00,659.37,655,652,662.26
11/9/2015 16:00:00,655.49,658.65,647.85,661.96
11/10/2015 16:00:00,659.68,651.01,647.26,660
11/11/2015 16:00:00,673.25,663.25,663.25,675.96
11/12/2015 16:00:00,665.6,673,664.22,675.64
11/13/2015 16:00:00,642.35,663.57,640.45,667
11/16/2015 16:00:00,647.81,640.92,622.29,649.99
11/17/2015 16:00:00,643.3,650.65,641,653.25
11/18/2015 16:00:00,663.54,646.51,646.37,664.88
11/19/2015 16:00:00,661.27,664.99,659,672.86
11/20/2015 16:00:00,668.45,667.94,657.57,668.87
11/23/2015 16:00:00,678.99,671.5,668.45,682.77
11/24/2015 16:00:00,671.15,674.14,661.21,675.8
11/25/2015 16:00:00,675.34,675,671.24,679.7
11/27/2015 16:00:00,673.26,680.8,672.1,680.99
11/30/2015 16:00:00,664.8,675.9,664.6,681.29
12/1/2015 16:00:00,679.06,673.75,667.86,681
12/2/2015 16:00:00,676.01,681,674.25,684.82
12/3/2015 16:00:00,666.25,679.44,661.48,682.79
12/4/2015 16:00:00,672.64,666,661.4,674.78
12/7/2015 16:00:00,669.83,674.74,660.5,675.46
12/8/2015 16:00:00,677.33,663.13,659.79,679.99
12/9/2015 16:00:00,664.79,678,655.68,679
12/10/2015 16:00:00,662.32,665.59,659.56,668.53
12/11/2015 16:00:00,640.15,651.23,639.62,657.88
12/14/2015 16:00:00,657.91,641.75,635.27,658.59
12/15/2015 16:00:00,658.64,665.03,657.35,671.5
12/16/2015 16:00:00,675.77,663.56,659.32,677.35
12/17/2015 16:00:00,670.65,680,670.65,682.5
12/18/2015 16:00:00,664.14,668.65,664.13,676.84
12/21/2015 16:00:00,664.51,668.5,658.93,669.9
12/22/2015 16:00:00,663.15,666.83,659.26,668.49
12/23/2015 16:00:00,663.7,666.5,656.63,666.6
12/24/2015 16:00:00,662.79,663.35,660.6,664.68
12/28/2015 16:00:00,675.2,665.56,665.5,675.5
12/29/2015 16:00:00,693.97,677.98,677.89,696.44
12/30/2015 16:00:00,689.07,691.89,686.38,695.49
12/31/2015 16:00:00,675.89,686.08,675.89,687.75
1/4/2016 16:00:00,636.99,656.29,627.51,657.72
1/5/2016 16:00:00,633.79,646.86,627.65,646.91
1/6/2016 16:00:00,632.65,622,620.31,639.79
1/7/2016 16:00:00,607.94,621.8,605.21,630
1/8/2016 16:00:00,607.05,619.66,606,624.14
1/11/2016 16:00:00,617.74,612.48,598.57,619.85
1/12/2016 16:00:00,617.89,625.25,612.24,625.99
1/13/2016 16:00:00,581.81,620.88,579.16,620.88
1/14/2016 16:00:00,593,580.25,569.88,602.25
1/15/2016 16:00:00,570.18,572.24,565.3,584.62
1/19/2016 16:00:00,574.48,577.09,566.45,584
1/20/2016 16:00:00,571.77,564.36,547.18,578.45
1/21/2016 16:00:00,575.02,573.58,568.22,588.81
1/22/2016 16:00:00,596.38,588.73,584.11,600.1
1/25/2016 16:00:00,596.53,597.99,594.56,608.5
1/26/2016 16:00:00,601.25,603.45,590.38,604.5
1/27/2016 16:00:00,583.35,601.99,578.78,603.39
1/28/2016 16:00:00,635.35,608.37,597.55,638.06
1/29/2016 16:00:00,587,571.98,570,593
2/1/2016 16:00:00,574.81,578.15,570.31,581.8
2/2/2016 16:00:00,552.1,570,550.09,571.56
2/3/2016 16:00:00,531.07,553.5,521.9,556
2/4/2016 16:00:00,536.26,525,519.22,538.99
2/5/2016 16:00:00,502.13,529.28,499.19,529.45
2/8/2016 16:00:00,488.1,486.47,475.21,493.5
2/9/2016 16:00:00,482.07,478.01,474,498.38
2/10/2016 16:00:00,490.48,491.76,486,504.66
2/11/2016 16:00:00,503.82,491.17,484,509.3
2/12/2016 16:00:00,507.08,510.7,501.49,516.75
2/16/2016 16:00:00,521.1,519.48,511.66,524.45
2/17/2016 16:00:00,534.1,528.74,519.39,537.48
2/18/2016 16:00:00,525,541.19,523.73,541.2
2/19/2016 16:00:00,534.9,520.71,515.35,535.95
2/22/2016 16:00:00,559.5,542.2,541.08,560.65
2/23/2016 16:00:00,552.94,555.55,545.33,556.91
2/24/2016 16:00:00,554.04,545.75,533.15,554.27
2/25/2016 16:00:00,555.15,555.52,545.29,559.39
2/26/2016 16:00:00,555.23,560.12,553.17,562.5
2/29/2016 16:00:00,552.52,554,552.51,564.81
3/1/2016 16:00:00,579.04,556.29,556,579.25
3/2/2016 16:00:00,580.21,581.75,573.7,585
3/3/2016 16:00:00,577.49,577.96,573.11,579.87
3/4/2016 16:00:00,575.14,581.07,571.07,581.4
3/7/2016 16:00:00,562.8,573.54,555.55,573.63
3/8/2016 16:00:00,560.26,557.87,554.74,571.35
3/9/2016 16:00:00,559.47,559.56,550.13,560.35
3/10/2016 16:00:00,558.93,566.74,547.9,567
3/11/2016 16:00:00,569.61,566.95,562.73,570.06
3/14/2016 16:00:00,573.37,567,563.05,576.89
3/15/2016 16:00:00,577.02,571,567,581.52
3/16/2016 16:00:00,574.27,576.64,571.14,581.32
3/17/2016 16:00:00,559.44,569.51,555.01,571.4
3/18/2016 16:00:00,552.08,560.94,546.09,562.33
3/21/2016 16:00:00,553.98,548.91,538.58,555.24
3/22/2016 16:00:00,560.48,545.11,545.05,562.76
3/23/2016 16:00:00,569.63,561,558.1,572.48
3/24/2016 16:00:00,582.95,567.11,567.08,583.55
3/28/2016 16:00:00,579.87,584.4,575.56,584.75
3/29/2016 16:00:00,593.86,580.15,576.5,595.85
3/30/2016 16:00:00,598.69,596.71,595,603.24
3/31/2016 16:00:00,593.64,599.28,592.21,600.75
4/1/2016 16:00:00,598.5,590.49,588.3,599.03
4/4/2016 16:00:00,593.19,599,590.55,599.5
4/5/2016 16:00:00,586.14,590.77,585.25,593.47
4/6/2016 16:00:00,602.08,587.52,587.5,602.39
4/7/2016 16:00:00,591.43,598.76,589.08,599.6
4/8/2016 16:00:00,594.6,594.32,589,597.86
4/11/2016 16:00:00,595.93,596.14,594.91,604
4/12/2016 16:00:00,603.17,598.4,592.31,604.06
4/13/2016 16:00:00,614.82,607.68,605.29,616.81
4/14/2016 16:00:00,620.75,615.07,615.07,624.38
4/15/2016 16:00:00,625.89,621.92,618.11,626.77
4/18/2016 16:00:00,635.35,625.35,624.96,637.64
4/19/2016 16:00:00,627.9,637.14,620.8,638.01
4/20/2016 16:00:00,632.99,630,623,636.55
4/21/2016 16:00:00,631,631,628.5,637.82
4/22/2016 16:00:00,620.5,624.47,611.56,628.25
4/25/2016 16:00:00,626.2,616.61,616.25,626.98
4/26/2016 16:00:00,616.88,626.17,614.88,626.75
4/27/2016 16:00:00,606.57,611.8,601.28,615.95
4/28/2016 16:00:00,602,615.54,599.2,626.8
4/29/2016 16:00:00,659.59,666,654,669.98
5/2/2016 16:00:00,683.85,663.92,662.03,685.5
5/3/2016 16:00:00,671.32,677.36,670.43,680.3
5/4/2016 16:00:00,670.9,662.59,662.14,674
5/5/2016 16:00:00,659.09,673.31,656,676.49
5/6/2016 16:00:00,673.95,656.05,656.01,676.95
5/9/2016 16:00:00,679.75,673.95,671.41,686.98
5/10/2016 16:00:00,703.07,694,693.5,704.55
5/11/2016 16:00:00,713.23,705.79,701.65,719
5/12/2016 16:00:00,717.93,717.38,711.51,722.45
5/13/2016 16:00:00,709.92,714.64,706.51,719.25
5/16/2016 16:00:00,710.66,710.13,700.28,713.25
5/17/2016 16:00:00,695.27,709.9,693.91,714.47
5/18/2016 16:00:00,697.45,689.56,688.76,702.54
5/19/2016 16:00:00,698.52,691.88,689.56,699.4
5/20/2016 16:00:00,702.8,701.05,700,707.24
5/23/2016 16:00:00,696.75,704.25,696.42,706
5/24/2016 16:00:00,704.2,698.01,698,707.5
5/25/2016 16:00:00,708.35,708,705.52,710.86
5/26/2016 16:00:00,714.91,708.33,707.29,715
5/27/2016 16:00:00,712.24,715,711.1,716.6
5/31/2016 16:00:00,722.79,712.33,711.32,724.23
6/1/2016 16:00:00,719.44,720.9,718.22,726.43
6/2/2016 16:00:00,728.24,720.97,715.5,728.28
6/3/2016 16:00:00,725.54,726.74,718.43,727
6/6/2016 16:00:00,726.73,726.5,724.42,731.5
6/7/2016 16:00:00,723.74,729.89,720.55,730
6/8/2016 16:00:00,726.64,726.4,721.6,729.42
6/9/2016 16:00:00,727.65,723.1,722.3,728.91
6/10/2016 16:00:00,717.91,722.35,714.21,724.98
6/13/2016 16:00:00,715.24,714.01,711.16,721.99
6/14/2016 16:00:00,719.3,712.33,712.27,720.81
6/15/2016 16:00:00,714.26,722,713.35,722.56
6/16/2016 16:00:00,717.51,712.05,705.3,718
6/17/2016 16:00:00,706.39,718.19,699.18,718.2
6/20/2016 16:00:00,714.01,713.5,710.81,721.31
6/21/2016 16:00:00,715.82,715.72,712.72,718.4
6/22/2016 16:00:00,710.6,716.58,707.57,717
6/23/2016 16:00:00,722.08,715.5,712.5,722.12
6/24/2016 16:00:00,698.96,693,692.2,712.53
6/27/2016 16:00:00,691.36,692.01,682.12,696.82
6/28/2016 16:00:00,707.95,700,698.17,708
6/29/2016 16:00:00,715.6,715.75,713.54,719.5
6/30/2016 16:00:00,715.62,717.2,712.54,719.37
7/1/2016 16:00:00,725.68,717.32,716.54,728
7/5/2016 16:00:00,728.1,722.8,719.61,728.11
7/6/2016 16:00:00,737.61,725.71,722.58,737.77
7/7/2016 16:00:00,736.57,739.33,731.63,739.55
7/8/2016 16:00:00,745.81,740.14,738,746.1
7/11/2016 16:00:00,753.78,750,747,755.9
7/12/2016 16:00:00,748.21,756.86,740.33,757.34
7/13/2016 16:00:00,742.63,746.76,741.25,756.87
7/14/2016 16:00:00,741.2,748.86,739.02,749.04
7/15/2016 16:00:00,735.44,746.55,734.05,746.55
7/18/2016 16:00:00,736.07,735.49,728.72,741.6
7/19/2016 16:00:00,739.95,732.5,732.31,743.33
7/20/2016 16:00:00,745.72,744,740.7,746.25
7/21/2016 16:00:00,744.43,747.5,742.79,749.36
7/22/2016 16:00:00,744.86,747.79,743.53,751.28
7/25/2016 16:00:00,739.61,746.55,735.35,748.5
7/26/2016 16:00:00,735.59,742.71,732.75,743.13
7/27/2016 16:00:00,736.67,737.97,733.86,740.94
7/28/2016 16:00:00,752.61,745.98,739.7,753.36
7/29/2016 16:00:00,758.81,765,755,766
8/1/2016 16:00:00,767.74,759.87,757.06,770.5
8/2/2016 16:00:00,760.58,763.81,757.02,765.01
8/3/2016 16:00:00,754.64,757.06,752.25,758.89
8/4/2016 16:00:00,760.77,753.7,750.35,765
8/5/2016 16:00:00,765.98,764.81,763.09,768.47
8/8/2016 16:00:00,766.56,766.81,761.02,767
8/9/2016 16:00:00,768.31,767.39,766.9,772.6
8/10/2016 16:00:00,768.56,769.8,766.19,772.1
8/11/2016 16:00:00,771.24,769.94,769.12,773.75
8/12/2016 16:00:00,772.56,768.46,768.42,773.15
8/15/2016 16:00:00,768.49,771.9,767.71,772.04
8/16/2016 16:00:00,764.04,768.62,763.82,768.73
8/17/2016 16:00:00,764.63,764.41,759.2,765.22
8/18/2016 16:00:00,764.46,764,760.6,765.17
8/19/2016 16:00:00,757.31,761.9,756.89,762.49
8/22/2016 16:00:00,759.48,757.5,752.1,759.85
8/23/2016 16:00:00,762.45,763.31,761,764.7
8/24/2016 16:00:00,757.25,763,755.36,763.41
8/25/2016 16:00:00,759.22,756,754.74,760.56
8/26/2016 16:00:00,769,760.05,759.8,770
8/29/2016 16:00:00,771.29,768.72,768.6,774.98
8/30/2016 16:00:00,767.58,771.05,765.56,771.84
8/31/2016 16:00:00,769.16,766.6,764,769.64
9/1/2016 16:00:00,770.62,770.9,766.75,772.04
9/2/2016 16:00:00,772.44,774.11,771.7,776
9/6/2016 16:00:00,788.87,774.04,770.22,789.48
9/7/2016 16:00:00,784.48,789.53,784.33,790.79
9/8/2016 16:00:00,784.06,783.89,781.44,786.5
9/9/2016 16:00:00,760.14,779.36,760.11,781
9/12/2016 16:00:00,771.49,757.35,756,772.66
9/13/2016 16:00:00,761.01,768.77,759.05,769.89
9/14/2016 16:00:00,761.09,762.2,758.85,767.5
9/15/2016 16:00:00,769.69,762,757.58,770.87
9/16/2016 16:00:00,778.52,773.28,771.66,780.46
9/19/2016 16:00:00,775.1,779.97,771,781.94
9/20/2016 16:00:00,780.22,776,776,781.37
9/21/2016 16:00:00,789.74,783.25,779.01,790.69
9/22/2016 16:00:00,804.7,794.27,794.27,805.89
9/23/2016 16:00:00,805.75,803.13,802.12,807.75
9/26/2016 16:00:00,799.16,801.8,797.15,805.93
9/27/2016 16:00:00,816.11,801.85,801.11,816.64
9/28/2016 16:00:00,828.72,818,817.03,830.14
9/29/2016 16:00:00,829.05,828.26,824.63,837.5
9/30/2016 16:00:00,837.31,832.61,832.4,839.95
10/3/2016 16:00:00,836.74,836,831.25,839.86
10/4/2016 16:00:00,834.03,840.91,830.26,842.37
10/5/2016 16:00:00,844.36,838,836.12,845.67
10/6/2016 16:00:00,841.66,843.7,840.6,847.21
10/7/2016 16:00:00,839.43,845.79,837.45,845.95
10/10/2016 16:00:00,841.71,843.25,840.27,845.2
10/11/2016 16:00:00,831,841.02,828.35,841.29
10/12/2016 16:00:00,834.09,834,830.1,837.67
10/13/2016 16:00:00,829.28,829,821.21,831.8
10/14/2016 16:00:00,822.96,835.08,822.96,835.74
10/17/2016 16:00:00,812.95,821.5,811.68,822
10/18/2016 16:00:00,817.65,822.11,815.02,823.26
10/19/2016 16:00:00,817.69,820.4,815.17,820.67
10/20/2016 16:00:00,810.32,813.99,803.1,815.71
10/21/2016 16:00:00,818.99,809.36,809,819.42
10/24/2016 16:00:00,838.09,824.95,822.21,838.3
10/25/2016 16:00:00,835.18,839.3,833.22,843.09
10/26/2016 16:00:00,822.59,832.76,820,833.44
10/27/2016 16:00:00,818.36,831.24,815.43,831.72
10/28/2016 16:00:00,776.32,782,774.61,789.49
10/31/2016 16:00:00,789.82,781.03,780.11,793.7
11/1/2016 16:00:00,785.41,799,776.71,800.84
11/2/2016 16:00:00,765.56,783.93,763.55,784.75
11/3/2016 16:00:00,767.03,765.05,764,777
11/4/2016 16:00:00,755.05,762.79,753.23,766
11/7/2016 16:00:00,784.93,771.64,770.94,787.73
11/8/2016 16:00:00,787.75,784.97,779.1,791.74
11/9/2016 16:00:00,771.88,764,760.09,777.5
11/10/2016 16:00:00,742.38,778.81,717.7,778.83
11/11/2016 16:00:00,739.01,735.73,728.9,743.26
11/14/2016 16:00:00,719.07,745.51,710.1,746
11/15/2016 16:00:00,743.24,730,725.99,746.78
11/16/2016 16:00:00,746.49,739.88,735.61,749.87
11/17/2016 16:00:00,756.4,749.32,748,757.5
11/18/2016 16:00:00,760.16,761,757.64,767.74
11/21/2016 16:00:00,780,766,765.11,780.35
11/22/2016 16:00:00,785.33,788.17,781,792.4
11/23/2016 16:00:00,780.12,781.73,773.12,781.75
11/25/2016 16:00:00,780.37,786.5,777.9,786.75
11/28/2016 16:00:00,766.77,776.99,764.24,777
11/29/2016 16:00:00,762.52,768,761.32,769.89
11/30/2016 16:00:00,750.57,762,750.25,768.09
12/1/2016 16:00:00,743.65,752.41,738.03,753.37
12/2/2016 16:00:00,740.34,743.4,736.7,748.49
12/5/2016 16:00:00,759.36,745,742,761.49
12/6/2016 16:00:00,764.72,763.99,757.25,768.24
12/7/2016 16:00:00,770.42,764.55,755.82,770.42
12/8/2016 16:00:00,767.33,771.87,765.19,773.79
12/9/2016 16:00:00,768.66,770,765.34,770.25
12/12/2016 16:00:00,760.12,766.4,757.2,766.89
12/13/2016 16:00:00,774.34,764.96,762,782.46
12/14/2016 16:00:00,768.82,778.25,762.81,780.86
12/15/2016 16:00:00,761,766.28,760.31,769.1
12/16/2016 16:00:00,757.77,765,754,765.13
12/19/2016 16:00:00,766,758.89,756.16,770.5
12/20/2016 16:00:00,771.22,768.65,767.71,774.39
12/21/2016 16:00:00,770.6,770,765.7,771.22
12/22/2016 16:00:00,766.34,768.12,763.02,771.21
12/23/2016 16:00:00,760.59,764.55,757.99,766.5
12/27/2016 16:00:00,771.4,763.4,761.2,774.65
12/28/2016 16:00:00,772.13,776.25,770.5,780
12/29/2016 16:00:00,765.15,772.4,760.85,773.4
12/30/2016 16:00:00,749.87,766.47,748.28,767.4
1/3/2017 16:00:00,753.67,757.92,747.7,758.76
1/4/2017 16:00:00,757.18,758.39,754.2,759.68
1/5/2017 16:00:00,780.45,761.55,760.26,782.4
1/6/2017 16:00:00,795.99,782.36,778.48,799.44
1/9/2017 16:00:00,796.92,798,791.77,801.77
1/10/2017 16:00:00,795.9,796.6,789.54,798
1/11/2017 16:00:00,799.02,793.66,789.51,799.5
1/12/2017 16:00:00,813.64,800.31,799.5,814.13
1/13/2017 16:00:00,817.14,814.32,811.4,821.65
1/17/2017 16:00:00,809.72,815.7,803.44,816
1/18/2017 16:00:00,807.48,809.5,804.27,811.73
1/19/2017 16:00:00,809.04,810,807.32,813.51
1/20/2017 16:00:00,808.33,815.28,806.26,816.02
1/23/2017 16:00:00,817.88,806.8,805.08,818.5
1/24/2017 16:00:00,822.44,822,814.5,823.99
1/25/2017 16:00:00,836.52,825.79,825.29,837.42
1/26/2017 16:00:00,839.15,835.53,833,843.84
1/27/2017 16:00:00,835.77,839,829.44,839.7
1/30/2017 16:00:00,830.38,833,816.38,833.5
1/31/2017 16:00:00,823.48,823.75,819.56,826.99
2/1/2017 16:00:00,832.35,829.21,824.94,833.78
2/2/2017 16:00:00,839.95,836.59,828.26,842.49
2/3/2017 16:00:00,810.2,806.72,804,818.3
2/6/2017 16:00:00,807.64,809.8,803,810.72
2/7/2017 16:00:00,812.5,809.31,807.5,816.16
2/8/2017 16:00:00,819.71,812.69,812.5,821.48
2/9/2017 16:00:00,821.36,821.6,819.71,825
2/10/2017 16:00:00,827.46,823.82,822.85,828
2/13/2017 16:00:00,836.53,831.62,828.55,843
2/14/2017 16:00:00,836.39,837,831.45,838.31
2/15/2017 16:00:00,842.7,834,832.82,842.81
2/16/2017 16:00:00,844.14,841.84,839.38,845
2/17/2017 16:00:00,845.07,842,840.73,847.27
2/21/2017 16:00:00,856.44,848.84,847.25,857.98
2/22/2017 16:00:00,855.61,856.95,852.18,858.43
2/23/2017 16:00:00,852.19,857.57,848,860.86
2/24/2017 16:00:00,845.24,844.69,837.75,845.81
2/27/2017 16:00:00,848.64,842.38,839.67,852.5
2/28/2017 16:00:00,845.04,851.45,842.05,854.09
3/1/2017 16:00:00,853.08,853.05,849.01,854.83
3/2/2017 16:00:00,848.91,853.08,847.28,854.82
3/3/2017 16:00:00,849.88,847.2,846.27,851.99
3/6/2017 16:00:00,846.61,845.23,841.12,848.49
3/7/2017 16:00:00,846.02,845.48,843.75,848.46
3/8/2017 16:00:00,850.5,848,846.79,853.07
3/9/2017 16:00:00,853,851,850.31,856.4
3/10/2017 16:00:00,852.46,857,851.72,857.35
3/13/2017 16:00:00,854.59,853.11,851.71,855.69
3/14/2017 16:00:00,852.53,853.55,847.55,853.75
3/15/2017 16:00:00,852.97,854.33,847.11,854.45
3/16/2017 16:00:00,853.42,855.3,850.51,855.5
3/17/2017 16:00:00,852.31,853.49,850.64,853.83
3/20/2017 16:00:00,856.97,851.51,851.01,857.8
3/21/2017 16:00:00,843.2,858.84,841.31,862.8
3/22/2017 16:00:00,848.06,840.43,839.05,849.37
3/23/2017 16:00:00,847.38,848.2,844.8,850.89
3/24/2017 16:00:00,845.61,851.68,843.53,851.8
3/27/2017 16:00:00,846.82,838.07,833.5,850.3
3/28/2017 16:00:00,856,851.75,850.1,858.46
3/29/2017 16:00:00,874.32,859.05,859.02,876.44
3/30/2017 16:00:00,876.34,874.95,871.66,877.06
3/31/2017 16:00:00,886.54,877,876.65,890.35
4/3/2017 16:00:00,891.51,888,885.42,893.49
4/4/2017 16:00:00,906.83,891.5,890.28,908.54
4/5/2017 16:00:00,909.28,910.82,905.62,923.72
4/6/2017 16:00:00,898.28,913.8,894.49,917.19
4/7/2017 16:00:00,894.88,899.65,889.31,900.09
4/10/2017 16:00:00,907.04,899.63,899,908.51
4/11/2017 16:00:00,902.36,907.04,897.5,911.24
4/12/2017 16:00:00,896.23,903.09,895.25,904.09
4/13/2017 16:00:00,884.67,891.45,884.49,894.97
4/17/2017 16:00:00,901.99,887.5,887.5,902.38
4/18/2017 16:00:00,903.78,900.99,900.78,909.61
4/19/2017 16:00:00,899.2,907.84,897.37,910.5
4/20/2017 16:00:00,902.06,899.7,896.29,905.32
4/21/2017 16:00:00,898.53,902.67,896.77,903.65
4/24/2017 16:00:00,907.41,908.68,903.82,909.99
4/25/2017 16:00:00,907.62,907.04,903,909.48
4/26/2017 16:00:00,909.29,910.3,907.56,915.75
4/27/2017 16:00:00,918.38,914.39,912.11,921.86
4/28/2017 16:00:00,924.99,948.83,924.33,949.59
5/1/2017 16:00:00,948.23,927.8,927.8,954.4
5/2/2017 16:00:00,946.94,946.65,941.41,950.1
5/3/2017 16:00:00,941.03,946,935.9,946
5/4/2017 16:00:00,937.53,944.75,934.22,945
5/5/2017 16:00:00,934.15,940.52,930.3,940.79
5/8/2017 16:00:00,949.04,940.95,939.21,949.05
5/9/2017 16:00:00,952.82,952.8,950.2,957.89
5/10/2017 16:00:00,948.95,953.5,945,953.75
5/11/2017 16:00:00,947.62,945.11,940.78,950.29
5/12/2017 16:00:00,961.35,954.5,951.53,962.79
5/15/2017 16:00:00,957.97,958.73,956.06,963.15
5/16/2017 16:00:00,966.07,961,960.91,970.06
5/17/2017 16:00:00,944.76,954.7,944.12,960.4
5/18/2017 16:00:00,958.49,944.8,944.76,962.75
5/19/2017 16:00:00,959.84,962.84,959.72,968.92
5/22/2017 16:00:00,970.67,964,962.9,971.38
5/23/2017 16:00:00,971.54,975.02,966.85,975.2
5/24/2017 16:00:00,980.35,976,970.23,981
5/25/2017 16:00:00,993.38,984.85,982.11,999
5/26/2017 16:00:00,995.78,995,989.25,998.65
5/30/2017 16:00:00,996.7,996.51,995.52,1001.2
5/31/2017 16:00:00,994.62,1000,982.16,1000.12
6/1/2017 16:00:00,995.95,998.59,991.37,998.99
6/2/2017 16:00:00,1006.73,998.99,995.67,1008.48
6/5/2017 16:00:00,1011.34,1007.23,1003.51,1013.21
6/6/2017 16:00:00,1003,1012,1001.25,1016.5
6/7/2017 16:00:00,1010.07,1005.95,1002,1010.25
6/8/2017 16:00:00,1010.27,1012.06,1006.11,1013.61
6/9/2017 16:00:00,978.31,1012.5,927,1012.99
6/12/2017 16:00:00,964.91,967,945,975.95
6/13/2017 16:00:00,980.79,977.99,966.1,984.5
6/14/2017 16:00:00,976.47,988.59,966.71,990.34
6/15/2017 16:00:00,964.17,958.7,950.86,965.73
6/16/2017 16:00:00,987.71,996,982,999.75
6/19/2017 16:00:00,995.17,1017,989.9,1017
6/20/2017 16:00:00,992.59,998,992.02,1004.88
6/21/2017 16:00:00,1002.23,998.7,992.65,1002.72
6/22/2017 16:00:00,1001.3,1002.23,997.2,1006.96
6/23/2017 16:00:00,1003.74,1002.54,998.02,1004.62
6/26/2017 16:00:00,993.98,1008.5,992,1009.8
6/27/2017 16:00:00,976.78,990.69,976,998.8
6/28/2017 16:00:00,990.33,978.55,969.21,990.68
6/29/2017 16:00:00,975.93,979,965.25,987.56
6/30/2017 16:00:00,968,980.12,967.61,983.47
7/3/2017 16:00:00,953.66,972.79,951,974.49
7/5/2017 16:00:00,971.4,961.53,955.25,975
7/6/2017 16:00:00,965.14,964.66,959.02,974.4
7/7/2017 16:00:00,978.76,969.55,969.14,980.11
7/10/2017 16:00:00,996.47,985,983.5,999.44
7/11/2017 16:00:00,994.13,993,983.72,995.99
7/12/2017 16:00:00,1006.51,1000.65,998.1,1008.55
7/13/2017 16:00:00,1000.63,1004.62,995.9,1006.88
7/14/2017 16:00:00,1001.81,1002.4,996.89,1004.45
7/17/2017 16:00:00,1010.04,1004.69,1003.81,1014.75
7/18/2017 16:00:00,1024.45,1006,1004,1026.03
7/19/2017 16:00:00,1026.87,1025,1022.5,1031.59
7/20/2017 16:00:00,1028.7,1031.59,1022.52,1034.97
7/21/2017 16:00:00,1025.67,1021.28,1011,1026.1
7/24/2017 16:00:00,1038.95,1028.34,1027.43,1043.01
7/25/2017 16:00:00,1039.87,1038.05,1032.48,1043.33
7/26/2017 16:00:00,1052.8,1043.2,1043.2,1053.2
7/27/2017 16:00:00,1046,1069.55,1040.18,1083.31
7/28/2017 16:00:00,1020.04,1012.14,1001,1032.85
7/31/2017 16:00:00,987.78,1019.05,987.02,1019.05
8/1/2017 16:00:00,996.19,996.11,991.58,1006.4
8/2/2017 16:00:00,995.89,1001.77,981.73,1003.21
8/3/2017 16:00:00,986.92,999.47,984.59,999.5
8/4/2017 16:00:00,987.58,989.68,982,991.67
8/7/2017 16:00:00,992.27,990.65,987.14,995
8/8/2017 16:00:00,989.84,994.35,985.79,996.28
8/9/2017 16:00:00,982.01,982.6,975.27,988
8/10/2017 16:00:00,956.92,976.3,954.68,979.86
8/11/2017 16:00:00,967.99,960,951.38,970.39
8/14/2017 16:00:00,983.3,978.41,976.19,985.5
8/15/2017 16:00:00,982.74,988.9,982,991.74
8/16/2017 16:00:00,978.18,981.65,973.22,986.46
8/17/2017 16:00:00,960.57,977.84,960.32,977.84
8/18/2017 16:00:00,958.47,961.4,954.65,965.43
8/21/2017 16:00:00,953.29,957.57,945.46,961.2
8/22/2017 16:00:00,966.9,955.52,955.5,967.93
8/23/2017 16:00:00,958,959.38,954.2,962
8/24/2017 16:00:00,952.45,957.42,941.14,959
8/25/2017 16:00:00,945.26,956,944.1,957.62
8/28/2017 16:00:00,946.02,946.54,942.25,953
8/29/2017 16:00:00,954.06,940,936.33,956
8/30/2017 16:00:00,967.59,958.44,956.91,969.41
8/31/2017 16:00:00,980.6,974.7,972.76,981
9/1/2017 16:00:00,978.25,984.2,976.88,984.5
9/5/2017 16:00:00,965.27,975.4,960.37,976.77
9/6/2017 16:00:00,967.8,968.32,960.6,971.84
9/7/2017 16:00:00,979.47,974,972.55,980.59
9/8/2017 16:00:00,965.9,979.1,963.47,979.88
9/11/2017 16:00:00,977.96,974.46,974.22,981.94
9/12/2017 16:00:00,982.58,983.27,975.52,984.67
9/13/2017 16:00:00,999.6,983.97,979.42,1000
9/14/2017 16:00:00,992.21,996.8,987.74,998.56
9/15/2017 16:00:00,986.79,993.01,984.03,996.25
9/18/2017 16:00:00,974.19,990.4,968.17,992.79
9/19/2017 16:00:00,969.86,977.25,967.46,978.24
9/20/2017 16:00:00,973.21,971.79,962.16,974.81
9/21/2017 16:00:00,964.65,971.31,962.02,971.7
9/22/2017 16:00:00,955.1,961.01,954.42,965.61
9/25/2017 16:00:00,939.79,949.31,932.89,949.42
9/26/2017 16:00:00,938.6,945.49,931.75,948.63
9/27/2017 16:00:00,950.87,948,943.3,955.3
9/28/2017 16:00:00,956.4,951.86,950.1,959.7
9/29/2017 16:00:00,961.35,960.11,958.38,964.83
10/2/2017 16:00:00,959.19,964,952.12,967.31
10/3/2017 16:00:00,957.1,958,950.37,963.69
10/4/2017 16:00:00,965.45,954.21,954.05,967.79
10/5/2017 16:00:00,980.85,970,969.64,981.51
10/6/2017 16:00:00,989.58,975.64,975.64,995.75
10/9/2017 16:00:00,990.99,993.24,987.5,998.5
10/10/2017 16:00:00,987.2,996.67,980.1,997.95
10/11/2017 16:00:00,995,991.27,986.7,995.5
10/12/2017 16:00:00,1000.93,996.81,992.4,1008.44
10/13/2017 16:00:00,1002.94,1007,1001.03,1007.77
10/16/2017 16:00:00,1006.34,1008.44,1001.04,1009.57
10/17/2017 16:00:00,1009.13,1005.59,1004.38,1011.47
10/18/2017 16:00:00,997,1009.27,996.55,1022.31
10/19/2017 16:00:00,986.61,990,980.24,991.05
10/20/2017 16:00:00,982.91,993.53,982,994.62
10/23/2017 16:00:00,966.3,986.73,962.5,986.78
10/24/2017 16:00:00,975.9,969,965,979.85
10/25/2017 16:00:00,972.91,978,966.24,984.44
10/26/2017 16:00:00,972.43,980.33,968.55,982.9
10/27/2017 16:00:00,1100.95,1058.14,1050.55,1105.58
10/30/2017 16:00:00,1110.85,1095.01,1093.56,1122.79
10/31/2017 16:00:00,1105.28,1109,1101.12,1110.54
11/1/2017 16:00:00,1103.68,1105.4,1096.74,1108.97
11/2/2017 16:00:00,1094.22,1097.81,1086.87,1101.94
11/3/2017 16:00:00,1111.6,1091.15,1088.52,1112.68
11/6/2017 16:00:00,1120.66,1109.15,1108.77,1125.41
11/7/2017 16:00:00,1123.17,1124.74,1117.5,1130.6
11/8/2017 16:00:00,1132.88,1122.82,1119.11,1135.54
11/9/2017 16:00:00,1129.13,1125.96,1115.77,1129.62
11/10/2017 16:00:00,1125.35,1126.1,1124.06,1131.75
11/13/2017 16:00:00,1129.17,1123,1122.34,1139.9
11/14/2017 16:00:00,1136.84,1130.11,1123.89,1138
11/15/2017 16:00:00,1126.69,1127.01,1121.63,1131.75
11/16/2017 16:00:00,1137.29,1130.16,1130.05,1138.16
11/17/2017 16:00:00,1129.88,1138.28,1125.81,1138.8
11/20/2017 16:00:00,1126.31,1129.77,1122.55,1133.42
11/21/2017 16:00:00,1139.49,1132.86,1128.2,1140
11/22/2017 16:00:00,1156.16,1141,1141,1160.27
11/24/2017 13:00:00,1186,1160.7,1160.7,1186.84
11/27/2017 16:00:00,1195.83,1202.66,1191.15,1213.41
11/28/2017 16:00:00,1193.6,1204.88,1188.52,1205.34
11/29/2017 16:00:00,1161.27,1194.8,1145.19,1194.8
11/30/2017 16:00:00,1176.75,1167.1,1160,1178.57
12/1/2017 16:00:00,1162.35,1172.05,1152,1179.65
12/4/2017 16:00:00,1133.95,1173.85,1128,1175.2
12/5/2017 16:00:00,1141.57,1128.26,1124.74,1159.27
12/6/2017 16:00:00,1152.35,1137.99,1136.08,1155.89
12/7/2017 16:00:00,1159.79,1156.59,1151,1163.19
12/8/2017 16:00:00,1162,1170.4,1157.1,1172.79
12/11/2017 16:00:00,1168.92,1164.6,1157,1169.9
12/12/2017 16:00:00,1165.08,1166.51,1161.61,1173.6
12/13/2017 16:00:00,1164.13,1170,1160.27,1170.87
12/14/2017 16:00:00,1174.26,1163.71,1162.45,1177.93
12/15/2017 16:00:00,1179.14,1179.03,1169.33,1182.75
12/18/2017 16:00:00,1190.58,1187.37,1180.91,1194.78
12/19/2017 16:00:00,1187.38,1189.15,1179.14,1192.97
12/20/2017 16:00:00,1177.62,1190.5,1176,1191
12/21/2017 16:00:00,1174.76,1175.9,1167.64,1179.17
12/22/2017 16:00:00,1168.36,1172.08,1167.83,1174.62
12/26/2017 16:00:00,1176.76,1168.36,1160.55,1178.32
12/27/2017 16:00:00,1182.26,1179.91,1175.61,1187.29
12/28/2017 16:00:00,1186.1,1189,1184.38,1190.1
12/29/2017 16:00:00,1169.47,1182.35,1167.5,1184
1/2/2018 16:00:00,1189.01,1172,1170.51,1190
1/3/2018 16:00:00,1204.2,1188.3,1188.3,1205.49
1/4/2018 16:00:00,1209.59,1205,1204.66,1215.87
1/5/2018 16:00:00,1229.14,1217.51,1210,1229.14
1/8/2018 16:00:00,1246.87,1236,1232.03,1253.08
1/9/2018 16:00:00,1252.7,1256.9,1241.76,1259.33
1/10/2018 16:00:00,1254.33,1245.15,1237.23,1254.33
1/11/2018 16:00:00,1276.68,1259.74,1256.46,1276.77
1/12/2018 16:00:00,1305.2,1273.39,1273.39,1305.76
1/16/2018 16:00:00,1304.86,1323,1292.3,1339.94
1/17/2018 16:00:00,1295,1312.24,1280.88,1314
1/18/2018 16:00:00,1293.32,1293.95,1284.02,1304.6
1/19/2018 16:00:00,1294.58,1312,1292.99,1313
1/22/2018 16:00:00,1327.31,1297.17,1296.66,1327.45
1/23/2018 16:00:00,1362.54,1338.09,1337.34,1364.9
1/24/2018 16:00:00,1357.51,1374.82,1338,1388.16
1/25/2018 16:00:00,1377.95,1368,1357.62,1378.34
1/26/2018 16:00:00,1402.05,1392.01,1380.91,1402.53
1/29/2018 16:00:00,1417.68,1409.18,1400.44,1431.39
1/30/2018 16:00:00,1437.82,1403.17,1392,1439.25
1/31/2018 16:00:00,1450.89,1451.3,1450.04,1472.58
2/1/2018 16:00:00,1390,1445,1385.14,1459.88
2/2/2018 16:00:00,1429.95,1477.39,1414,1498
2/5/2018 16:00:00,1390,1402.62,1320.72,1458.98
2/6/2018 16:00:00,1442.84,1361.46,1351.79,1443.99
2/7/2018 16:00:00,1416.78,1449,1415.15,1460.99
2/8/2018 16:00:00,1350.5,1429.68,1349.94,1433.75
2/9/2018 16:00:00,1339.6,1373.49,1265.93,1383.5
2/12/2018 16:00:00,1386.23,1364.67,1344.01,1393.81
2/13/2018 16:00:00,1414.51,1385.93,1383.53,1419.72
2/14/2018 16:00:00,1451.05,1406.25,1403.36,1452.06
2/15/2018 16:00:00,1461.76,1466.89,1436.84,1468.94
2/16/2018 16:00:00,1448.69,1457.37,1446.56,1465.8
2/20/2018 16:00:00,1468.35,1446.49,1446.49,1488.77
2/21/2018 16:00:00,1482.92,1485,1478.92,1503.49
2/22/2018 16:00:00,1485.34,1495.36,1475.76,1502.54
2/23/2018 16:00:00,1500,1495.34,1486.5,1500
2/26/2018 16:00:00,1521.95,1509.2,1507,1522.84
2/27/2018 16:00:00,1511.98,1524.5,1507.21,1526.78
2/28/2018 16:00:00,1512.45,1519.51,1512,1528.7
3/1/2018 16:00:00,1493.45,1513.6,1465,1518.49
3/2/2018 16:00:00,1500.25,1469.1,1455.01,1501.05
3/5/2018 16:00:00,1523.61,1494.24,1481,1525.38
3/6/2018 16:00:00,1537.64,1533.2,1528,1542.13
3/7/2018 16:00:00,1545,1526.52,1522.51,1545.9
3/8/2018 16:00:00,1551.86,1550,1545.25,1554.88
3/9/2018 16:00:00,1578.89,1563.5,1559.08,1578.94
3/12/2018 16:00:00,1598.39,1592.6,1586.7,1605.33
3/13/2018 16:00:00,1588.18,1615.96,1578.01,1617.54
3/14/2018 16:00:00,1591,1597,1590.89,1606.44
3/15/2018 16:00:00,1582.32,1595,1578.11,1596.91
3/16/2018 16:00:00,1571.68,1583.45,1567.5,1589.44
3/19/2018 16:00:00,1544.93,1554.53,1525.35,1561.66
3/20/2018 16:00:00,1586.51,1550.34,1545.41,1587
3/21/2018 16:00:00,1581.86,1586.45,1563.17,1590
3/22/2018 16:00:00,1544.92,1565.47,1542.4,1573.85
3/23/2018 16:00:00,1495.56,1539.01,1495.36,1549.02
3/26/2018 16:00:00,1555.86,1530,1499.25,1556.99
3/27/2018 16:00:00,1497.05,1572.4,1482.32,1575.97
3/28/2018 16:00:00,1431.42,1447,1386.17,1455.9
3/29/2018 16:00:00,1447.34,1406,1365.2,1455.47
4/2/2018 16:00:00,1371.99,1417.62,1355,1421.36
4/3/2018 16:00:00,1392.05,1391.38,1355.33,1414
4/4/2018 16:00:00,1410.57,1358.24,1352.88,1415.39
4/5/2018 16:00:00,1451.75,1441.99,1427.07,1459.56
4/6/2018 16:00:00,1405.23,1429.97,1400.26,1452.5
4/9/2018 16:00:00,1406.08,1425.03,1402.57,1438.48
4/10/2018 16:00:00,1436.22,1431.99,1415.7,1438.38
4/11/2018 16:00:00,1427.05,1439.44,1424.89,1448.78
4/12/2018 16:00:00,1448.5,1439.5,1435.06,1452.12
4/13/2018 16:00:00,1430.79,1449.14,1424.52,1459.78
4/16/2018 16:00:00,1441.5,1445,1427.48,1447
4/17/2018 16:00:00,1503.83,1462.3,1457.02,1507.19
4/18/2018 16:00:00,1527.84,1514.65,1504.11,1533.8
4/19/2018 16:00:00,1556.91,1543.22,1539.06,1568.52
4/20/2018 16:00:00,1527.49,1561.2,1516.09,1561.2
4/23/2018 16:00:00,1517.86,1546.69,1503.41,1548
4/24/2018 16:00:00,1460.09,1535.8,1448.45,1539.5
4/25/2018 16:00:00,1460.17,1458,1415.02,1469.99
4/26/2018 16:00:00,1517.96,1485.01,1478.5,1529.42
4/27/2018 16:00:00,1572.62,1634.01,1567.39,1638.1
4/30/2018 16:00:00,1566.13,1582.5,1560.94,1596
5/1/2018 16:00:00,1582.26,1563.22,1552.18,1585
5/2/2018 16:00:00,1569.68,1580.98,1566.36,1588.5
5/3/2018 16:00:00,1572.08,1560.01,1546.02,1574.8
5/4/2018 16:00:00,1580.95,1562.45,1562.19,1584.9
5/7/2018 16:00:00,1600.14,1589.34,1587.83,1606.95
5/8/2018 16:00:00,1592.39,1595,1582.51,1596.88
5/9/2018 16:00:00,1608,1600,1592,1608
5/10/2018 16:00:00,1609.08,1608.48,1603.44,1615.6
5/11/2018 16:00:00,1602.91,1610.99,1597.89,1611.1
5/14/2018 16:00:00,1601.54,1604,1600.05,1611.18
5/15/2018 16:00:00,1576.12,1587.8,1565.22,1587.8
5/16/2018 16:00:00,1587.28,1577.5,1576.67,1594.43
5/17/2018 16:00:00,1581.76,1580.56,1573,1594.04
5/18/2018 16:00:00,1574.37,1581.33,1572.1,1583.59
5/21/2018 16:00:00,1585.46,1585,1575,1592.05
5/22/2018 16:00:00,1581.4,1589.89,1575.25,1589.89
5/23/2018 16:00:00,1601.86,1571.05,1566.34,1601.86
5/24/2018 16:00:00,1603.07,1598.03,1588.38,1608.24
5/25/2018 16:00:00,1610.15,1603,1600.45,1614.12
5/29/2018 16:00:00,1612.87,1600.71,1600.15,1621.79
5/30/2018 16:00:00,1624.89,1618.1,1612.93,1626
5/31/2018 16:00:00,1624.89,1618.1,1612.93,1626
6/1/2018 16:00:00,1641.54,1637.03,1635.09,1646.73
6/4/2018 16:00:00,1665.27,1648.9,1645.49,1665.68
6/5/2018 16:00:00,1696.35,1672.99,1670.06,1699
6/6/2018 16:00:00,1695.75,1704.51,1686.47,1714.5
6/7/2018 16:00:00,1689.3,1698.56,1676.11,1699.9
6/8/2018 16:00:00,1683.99,1681.12,1673.01,1689.44
6/11/2018 16:00:00,1689.12,1681.51,1680.59,1694.24
6/12/2018 16:00:00,1698.75,1693,1691.52,1699.51
6/13/2018 16:00:00,1704.86,1702.81,1700.12,1713.75
6/14/2018 16:00:00,1723.86,1713.48,1708.87,1724.8
6/15/2018 16:00:00,1715.97,1714,1708.52,1720.87
6/18/2018 16:00:00,1723.79,1706.26,1702.56,1726.74
6/19/2018 16:00:00,1734.78,1709.04,1700.39,1736.11
6/20/2018 16:00:00,1750.08,1742.5,1741.36,1762.93
6/21/2018 16:00:00,1730.22,1760,1717.56,1763.1
6/22/2018 16:00:00,1715.67,1742.62,1711.9,1743
6/25/2018 16:00:00,1663.15,1702.51,1646.31,1705
6/26/2018 16:00:00,1691.09,1672.37,1663.34,1701.57
6/27/2018 16:00:00,1660.51,1708.11,1660,1711.95
6/28/2018 16:00:00,1701.45,1672.54,1661.17,1705.5
6/29/2018 16:00:00,1699.8,1717,1694.32,1723.41
7/2/2018 16:00:00,1713.78,1682.7,1678.06,1713.89
7/3/2018 13:00:00,1693.96,1723.96,1692.48,1725
7/5/2018 16:00:00,1699.73,1705.38,1682.15,1710.69
7/6/2018 16:00:00,1710.63,1696,1691.67,1715.27
7/9/2018 16:00:00,1739.02,1724.05,1716.23,1739.56
7/10/2018 16:00:00,1743.07,1738.53,1731,1750
7/11/2018 16:00:00,1755,1737.99,1734,1756.96
7/12/2018 16:00:00,1796.62,1764.51,1762.18,1798
7/13/2018 16:00:00,1813.03,1803.93,1795.23,1815.3
7/16/2018 16:00:00,1822.49,1821.95,1814.45,1841.95
7/17/2018 16:00:00,1843.93,1811.56,1797.38,1851.69
7/18/2018 16:00:00,1842.92,1848,1831.27,1858.88
7/19/2018 16:00:00,1812.97,1829.46,1811.27,1841
7/20/2018 16:00:00,1813.7,1825.01,1810.06,1834.84
7/23/2018 16:00:00,1802,1812.21,1769.99,1819
7/24/2018 16:00:00,1829.24,1829.01,1809.38,1840
7/25/2018 16:00:00,1863.61,1829.3,1822.64,1863.84
7/26/2018 16:00:00,1808,1839,1804.5,1844.68
7/27/2018 16:00:00,1817.27,1876.05,1806.53,1880.05
7/30/2018 16:00:00,1779.22,1827.33,1766.02,1829.5
7/31/2018 16:00:00,1777.44,1786.49,1739.32,1801.83
8/1/2018 16:00:00,1797.17,1784,1776.02,1798.44
8/2/2018 16:00:00,1834.33,1788.77,1786,1836.56
8/3/2018 16:00:00,1823.29,1837.74,1821.5,1841
8/6/2018 16:00:00,1847.75,1825.81,1818.92,1847.77
8/7/2018 16:00:00,1862.48,1854.53,1846.27,1869.72
8/8/2018 16:00:00,1886.52,1861,1854.5,1891.51
8/9/2018 16:00:00,1898.52,1882,1877.48,1914.57
8/10/2018 16:00:00,1886.3,1888.51,1878.21,1899.5
8/13/2018 16:00:00,1896.2,1898.5,1893.67,1925
8/14/2018 16:00:00,1919.65,1919.39,1900,1921.01
8/15/2018 16:00:00,1882.62,1909.55,1869.79,1916.21
8/16/2018 16:00:00,1886.52,1903.94,1883.55,1905
8/17/2018 16:00:00,1882.22,1885.8,1855.55,1888
8/20/2018 16:00:00,1876.71,1890.57,1866.06,1891.75
8/21/2018 16:00:00,1883.42,1880,1874.41,1897.75
8/22/2018 16:00:00,1904.9,1876.64,1876.64,1905.8
8/23/2018 16:00:00,1902.9,1907.17,1900.76,1919.5
8/24/2018 16:00:00,1905.39,1910.51,1902.54,1916.01
8/27/2018 16:00:00,1927.68,1915,1909.28,1927.7
8/28/2018 16:00:00,1932.82,1937.73,1928.82,1941.78
8/29/2018 16:00:00,1998.1,1953.45,1948.94,1998.69
8/30/2018 16:00:00,2002.38,1997.42,1986.9,2025.57
8/31/2018 16:00:00,2012.71,2007,2004.74,2022.38
9/4/2018 16:00:00,2039.51,2026.5,2013,2050.5
9/5/2018 16:00:00,1994.82,2038.11,1989.89,2040.38
9/6/2018 16:00:00,1958.31,2006.51,1935.21,2007.5
9/7/2018 16:00:00,1952.07,1938.71,1937.35,1975.2
9/10/2018 16:00:00,1939.01,1971,1931.52,1973.04
9/11/2018 16:00:00,1987.15,1928.27,1917,1988.88
9/12/2018 16:00:00,1990,1994,1962.44,2000
9/13/2018 16:00:00,1989.87,2000,1982.03,2008.76
9/14/2018 16:00:00,1970.19,1992.93,1959.22,1993.65
9/17/2018 16:00:00,1908.03,1954.73,1887.41,1956.82
9/18/2018 16:00:00,1941.05,1918.65,1915.44,1958.2
9/19/2018 16:00:00,1926.42,1940.5,1904.9,1940.83
9/20/2018 16:00:00,1944.3,1938.58,1932.25,1955
9/21/2018 16:00:00,1915.01,1954.22,1910.5,1957.31
9/24/2018 16:00:00,1934.36,1903.79,1865,1936.88
9/25/2018 16:00:00,1974.55,1942.9,1938.85,1975.91
9/26/2018 16:00:00,1974.85,1968.5,1961.52,1995.25
9/27/2018 16:00:00,2012.98,1993.24,1988.58,2016.16
9/28/2018 16:00:00,2003,2004.41,1996.46,2026.52
10/1/2018 16:00:00,2004.36,2021.99,2003.6,2033.19
10/2/2018 16:00:00,1971.31,1999.99,1965.77,2013.39
10/3/2018 16:00:00,1952.76,1981.7,1949.81,1989.7
10/4/2018 16:00:00,1909.42,1949,1896.57,1956
10/5/2018 16:00:00,1889.65,1917.99,1862.83,1929.08
10/8/2018 16:00:00,1864.42,1874,1830.66,1902
10/9/2018 16:00:00,1870.32,1859.99,1852.32,1896.68
10/10/2018 16:00:00,1755.25,1857.89,1754.41,1858.56
10/11/2018 16:00:00,1719.36,1724,1685.1,1755.4
10/12/2018 16:00:00,1788.61,1808,1742.53,1808.95
10/15/2018 16:00:00,1760.95,1795,1734.23,1795.05
10/16/2018 16:00:00,1819.96,1783.5,1761.55,1823.88
10/17/2018 16:00:00,1831.73,1842.79,1807,1845
10/18/2018 16:00:00,1770.72,1821.49,1767.87,1830.15
10/19/2018 16:00:00,1764.03,1785.16,1753,1809.1
10/22/2018 16:00:00,1789.3,1784,1756,1809.5
10/23/2018 16:00:00,1768.7,1742.24,1714,1776.34
10/24/2018 16:00:00,1664.2,1773.7,1656.56,1777.71
10/25/2018 16:00:00,1782.17,1703.34,1692.01,1794.81
10/26/2018 16:00:00,1642.81,1649.59,1603,1698.46
10/29/2018 16:00:00,1538.88,1660,1495,1665.74
10/30/2018 16:00:00,1530.42,1486.16,1476.36,1540.99
10/31/2018 16:00:00,1598.01,1569.99,1565.09,1623.91
11/1/2018 16:00:00,1665.53,1623.53,1598.44,1670.45
11/2/2018 16:00:00,1665.53,1678.59,1651.83,1697.44
11/5/2018 16:00:00,1627.8,1657.57,1596.36,1658.09
11/6/2018 16:00:00,1642.81,1618.35,1614.55,1665
11/7/2018 16:00:00,1755.49,1673,1664.08,1759.23
11/8/2018 16:00:00,1754.91,1755,1725.11,1784
11/9/2018 16:00:00,1712.43,1732.5,1701.87,1743.92
11/12/2018 16:00:00,1636.85,1698.24,1630.01,1708.55
11/13/2018 16:00:00,1631.17,1649.29,1613.75,1677.06
11/14/2018 16:00:00,1599.01,1656.32,1597.07,1673
11/15/2018 16:00:00,1619.44,1581.01,1546.51,1624.82
11/16/2018 16:00:00,1593.41,1587.5,1573.12,1614.48
11/19/2018 16:00:00,1512.29,1577.01,1503.36,1581.19
11/20/2018 16:00:00,1495.46,1437.5,1420,1534.75
11/21/2018 16:00:00,1516.73,1542.99,1515,1550
11/23/2018 13:00:00,1502.06,1517,1501.81,1536.2
11/26/2018 16:00:00,1581.33,1539,1524.22,1584.81
11/27/2018 16:00:00,1581.42,1575.99,1558.01,1597.65
11/28/2018 16:00:00,1677.75,1613.92,1601.22,1681.45
11/29/2018 16:00:00,1673.57,1674.99,1652.33,1689.99
11/30/2018 16:00:00,1690.17,1679.5,1666.5,1696
12/3/2018 16:00:00,1772.36,1769.46,1730,1778.34
12/4/2018 16:00:00,1668.4,1756,1665,1770.34
12/6/2018 16:00:00,1699.19,1614.87,1609.85,1701.05
12/7/2018 16:00:00,1629.13,1705.07,1625.46,1718.93
12/10/2018 16:00:00,1641.03,1623.84,1590.87,1657.99
12/11/2018 16:00:00,1643.24,1678,1619.6,1679.47
12/12/2018 16:00:00,1663.54,1669,1660.27,1704.99
12/13/2018 16:00:00,1658.38,1680,1641.5,1692.12
12/14/2018 16:00:00,1591.91,1638,1585,1642.57
12/17/2018 16:00:00,1520.91,1566,1505.01,1576.13
12/18/2018 16:00:00,1551.48,1540,1523.01,1567.55
12/19/2018 16:00:00,1495.08,1543.05,1483.18,1584.53
12/20/2018 16:00:00,1460.83,1484,1432.69,1509.5
12/21/2018 16:00:00,1377.45,1464.99,1363.96,1480
12/24/2018 13:00:00,1343.96,1346,1307,1396.03
12/26/2018 16:00:00,1470.9,1368.89,1363.01,1473.16
12/27/2018 16:00:00,1461.64,1454.2,1390.31,1469
12/28/2018 16:00:00,1478.02,1473.35,1449,1513.47
12/31/2018 16:00:00,1501.97,1510.8,1487,1520.76
1/2/2019 16:00:00,1539.13,1465.2,1460.93,1553.36
1/3/2019 16:00:00,1500.28,1520.01,1497.11,1538
1/4/2019 16:00:00,1575.39,1530,1518.31,1594
1/7/2019 16:00:00,1629.51,1602.31,1589.19,1634.56
1/8/2019 16:00:00,1656.58,1664.69,1616.61,1676.61
1/9/2019 16:00:00,1659.42,1652.98,1641.4,1667.8
1/10/2019 16:00:00,1656.22,1641.01,1621.62,1663.25
1/11/2019 16:00:00,1640.56,1640.55,1636.22,1660.29
1/14/2019 16:00:00,1617.21,1615,1595.15,1648.2
1/15/2019 16:00:00,1674.56,1632,1626.01,1675.16
1/16/2019 16:00:00,1683.78,1684.22,1675.88,1705
1/17/2019 16:00:00,1693.22,1680,1677.5,1700.17
1/18/2019 16:00:00,1696.2,1712,1691.54,1716.2
1/22/2019 16:00:00,1632.17,1681,1610.2,1681.87
1/23/2019 16:00:00,1640.02,1656,1612,1657.43
1/24/2019 16:00:00,1654.93,1641.07,1631.78,1657.26
1/25/2019 16:00:00,1670.57,1670.5,1661.61,1683.48
1/28/2019 16:00:00,1637.89,1643.59,1614.09,1645
1/29/2019 16:00:00,1593.88,1631.27,1590.72,1632.38
1/30/2019 16:00:00,1670.43,1623,1619.68,1676.95
1/31/2019 16:00:00,1718.73,1692.85,1679.08,1736.41
2/1/2019 16:00:00,1626.23,1638.88,1622.01,1673.06
2/4/2019 16:00:00,1633.31,1623,1613.5,1649.63
2/5/2019 16:00:00,1658.81,1643.34,1642.5,1665.26
2/6/2019 16:00:00,1640.26,1670.75,1633.34,1672.26
2/7/2019 16:00:00,1614.37,1625,1592.91,1625.54
2/8/2019 16:00:00,1588.22,1586,1566.76,1588.59
2/11/2019 16:00:00,1591,1600.98,1586,1609.29
2/12/2019 16:00:00,1638.01,1604,1598.88,1639.4
2/13/2019 16:00:00,1640,1647,1637.11,1656.38
2/14/2019 16:00:00,1622.65,1624.5,1606.06,1637.9
2/15/2019 16:00:00,1607.95,1627.86,1604.5,1628.91
2/19/2019 16:00:00,1627.58,1601,1600.56,1634
2/20/2019 16:00:00,1622.1,1630,1610.12,1634.93
2/21/2019 16:00:00,1619.44,1619.85,1600.91,1623.56
2/22/2019 16:00:00,1631.56,1623.5,1621.17,1634.94
2/25/2019 16:00:00,1633,1641.45,1630.39,1654.6
2/26/2019 16:00:00,1636.4,1625.98,1616.13,1639.99
2/27/2019 16:00:00,1641.09,1628.18,1615.1,1641.81
2/28/2019 16:00:00,1639.83,1635.25,1633.83,1651.77
3/1/2019 16:00:00,1671.73,1655.13,1651,1674.26
3/4/2019 16:00:00,1696.17,1685,1674.36,1709.43
3/5/2019 16:00:00,1692.43,1702.95,1689.01,1707.8
3/6/2019 16:00:00,1668.95,1695.97,1668.28,1697.75
3/7/2019 16:00:00,1625.95,1667.37,1620.51,1669.75
3/8/2019 16:00:00,1620.8,1604.01,1586.57,1622.72
3/11/2019 16:00:00,1670.62,1626.12,1626.01,1672.29
3/12/2019 16:00:00,1673.1,1669,1660.98,1684.27
3/13/2019 16:00:00,1690.81,1683,1679.35,1700
3/14/2019 16:00:00,1686.22,1691.2,1684.34,1702
3/15/2019 16:00:00,1712.36,1703,1693.13,1718.8
3/18/2019 16:00:00,1742.15,1712.7,1712.63,1750
3/19/2019 16:00:00,1761.85,1753.51,1753.51,1784.16
3/20/2019 16:00:00,1797.27,1769.94,1767.03,1799.5
3/21/2019 16:00:00,1819.26,1796.26,1787.28,1823.75
3/22/2019 16:00:00,1764.77,1810.17,1763.11,1818.98
3/25/2019 16:00:00,1774.26,1757.79,1747.5,1782.68
3/26/2019 16:00:00,1783.76,1793,1773.36,1805.77
3/27/2019 16:00:00,1765.7,1784.13,1745.68,1787.5
3/28/2019 16:00:00,1773.42,1770,1753.47,1777.93
3/29/2019 16:00:00,1780.75,1786.58,1776.63,1792.86
4/1/2019 16:00:00,1814.19,1800.11,1798.73,1815.67
4/2/2019 16:00:00,1813.98,1811.02,1805.12,1820
4/3/2019 16:00:00,1820.7,1826.72,1809.62,1830
4/4/2019 16:00:00,1818.86,1820.65,1804.2,1828.75
4/5/2019 16:00:00,1837.28,1829,1825.19,1838.58
4/8/2019 16:00:00,1849.86,1833.23,1825.11,1850.2
4/9/2019 16:00:00,1835.84,1845.49,1831.78,1853.09
4/10/2019 16:00:00,1847.33,1841,1828.81,1848
4/11/2019 16:00:00,1844.07,1848.7,1840.31,1849.95
4/12/2019 16:00:00,1843.06,1848.4,1841.3,1851.5
4/15/2019 16:00:00,1844.87,1842,1818.9,1846.85
4/16/2019 16:00:00,1863.04,1851.35,1848,1869.77
4/17/2019 16:00:00,1864.82,1872.99,1860.44,1876.47
4/18/2019 16:00:00,1861.69,1868.79,1859.48,1870.82
4/22/2019 16:00:00,1887.31,1855.4,1845.64,1888.42
4/23/2019 16:00:00,1923.77,1891.2,1889.58,1929.26
4/24/2019 16:00:00,1901.75,1925,1898.16,1929.69
4/25/2019 16:00:00,1902.25,1917,1900.31,1922.45
4/26/2019 16:00:00,1950.63,1929,1898,1951
4/29/2019 16:00:00,1938.43,1949,1934.09,1956.34
4/30/2019 16:00:00,1926.52,1930.1,1906.95,1935.71
5/1/2019 16:00:00,1911.52,1933.09,1910.55,1943.64
5/2/2019 16:00:00,1900.82,1913.33,1881.87,1921.55
5/3/2019 16:00:00,1962.46,1949,1936,1964.4
5/6/2019 16:00:00,1950.55,1917.98,1910.5,1959
5/7/2019 16:00:00,1921,1939.99,1903.38,1949.1
5/8/2019 16:00:00,1917.77,1918.87,1910,1935.37
5/9/2019 16:00:00,1899.87,1900,1876,1909.4
5/10/2019 16:00:00,1889.98,1898,1856,1903.79
5/13/2019 16:00:00,1822.68,1836.56,1818,1846.54
5/14/2019 16:00:00,1840.12,1839.5,1815.75,1852.44
5/15/2019 16:00:00,1871.15,1827.95,1823,1874.43
5/16/2019 16:00:00,1907.57,1885.94,1882.29,1917.51
5/17/2019 16:00:00,1869,1893.05,1867.33,1910.53
5/20/2019 16:00:00,1858.97,1852.69,1835.54,1867.78
5/21/2019 16:00:00,1857.52,1874.79,1846,1879
5/22/2019 16:00:00,1859.68,1851.78,1851,1871.49
5/23/2019 16:00:00,1815.48,1836.59,1804.2,1844
5/24/2019 16:00:00,1823.28,1835.89,1817.85,1841.76
5/28/2019 16:00:00,1836.43,1832.75,1827.35,1849.27
5/29/2019 16:00:00,1819.19,1823.12,1807.53,1830
5/30/2019 16:00:00,1816.32,1825.49,1807.83,1829.47
5/31/2019 16:00:00,1775.07,1790.01,1772.7,1795.59
6/3/2019 16:00:00,1692.69,1760.01,1672,1766.29
6/4/2019 16:00:00,1729.56,1699.24,1680.89,1730.82
6/5/2019 16:00:00,1738.5,1749.6,1715.25,1752
6/6/2019 16:00:00,1754.36,1737.71,1726.13,1760
6/7/2019 16:00:00,1804.03,1763.7,1759.49,1806.25
6/10/2019 16:00:00,1860.63,1822,1818,1884.87
6/11/2019 16:00:00,1863.7,1883.25,1858,1893.7
6/12/2019 16:00:00,1855.32,1853.98,1844.38,1865
6/13/2019 16:00:00,1870.3,1866.72,1862.22,1883.09
6/14/2019 16:00:00,1869.67,1864,1859,1876
6/17/2019 16:00:00,1886.03,1876.5,1875.45,1895.69
6/18/2019 16:00:00,1901.37,1901.35,1899.79,1921.67
6/19/2019 16:00:00,1908.79,1907.84,1892.47,1919.58
6/20/2019 16:00:00,1918.19,1933.33,1905.8,1935.2
6/21/2019 16:00:00,1911.3,1916.1,1907.58,1925.95
6/24/2019 16:00:00,1913.9,1912.66,1901.3,1916.86
6/25/2019 16:00:00,1878.27,1911.84,1872.42,1916.39
6/26/2019 16:00:00,1897.83,1892.48,1887.32,1903.8
6/27/2019 16:00:00,1904.28,1902,1898.04,1911.24
6/28/2019 16:00:00,1893.63,1909.1,1884,1912.94
7/1/2019 16:00:00,1922.19,1922.98,1914.66,1929.82
7/2/2019 16:00:00,1934.31,1919.38,1906.63,1934.79
7/3/2019 13:00:00,1939,1935.89,1930.5,1941.59
7/5/2019 16:00:00,1942.91,1928.6,1925.3,1945.9
7/8/2019 16:00:00,1952.32,1934.12,1928.25,1956
7/9/2019 16:00:00,1988.3,1947.8,1943.48,1990.01
7/10/2019 16:00:00,2017.41,1996.51,1995.4,2024.94
7/11/2019 16:00:00,2001.07,2025.62,1995.3,2035.8
7/12/2019 16:00:00,2011,2008.27,2003.87,2017
7/15/2019 16:00:00,2020.99,2021.4,2001.55,2022.9
7/16/2019 16:00:00,2009.9,2010.58,2001.22,2026.32
7/17/2019 16:00:00,1992.03,2007.05,1992.03,2012
7/18/2019 16:00:00,1977.9,1980.01,1951.55,1987.5
7/19/2019 16:00:00,1964.52,1991.21,1962.23,1996
7/22/2019 16:00:00,1985.63,1971.14,1958.26,1989
7/23/2019 16:00:00,1994.49,1995.99,1973.13,1997.79
7/24/2019 16:00:00,2000.81,1969.3,1965.87,2001.3
7/25/2019 16:00:00,1973.82,2001,1972.72,2001.2
7/26/2019 16:00:00,1943.05,1942,1924.51,1950.9
7/29/2019 16:00:00,1912.45,1930,1890.54,1932.23
7/30/2019 16:00:00,1898.53,1891.12,1883.48,1909.89
7/31/2019 16:00:00,1866.78,1898.11,1849.44,1899.55
8/1/2019 16:00:00,1855.32,1871.72,1844.01,1897.92
8/2/2019 16:00:00,1823.24,1845.07,1808.02,1846.36
8/5/2019 16:00:00,1765.13,1770.22,1748.78,1788.67
8/6/2019 16:00:00,1787.83,1792.23,1753.4,1793.77
8/7/2019 16:00:00,1793.4,1773.99,1757,1798.93
8/8/2019 16:00:00,1832.89,1806,1798.11,1834.26
8/9/2019 16:00:00,1807.58,1828.95,1802.22,1831.09
8/12/2019 16:00:00,1784.92,1795.99,1777,1800.98
8/13/2019 16:00:00,1824.34,1783,1780,1831.74
8/14/2019 16:00:00,1762.96,1793.01,1757.22,1795.65
8/15/2019 16:00:00,1776.12,1781.99,1761.96,1788
8/16/2019 16:00:00,1792.57,1792.89,1784.55,1802.91
8/19/2019 16:00:00,1816.12,1818.08,1812.61,1826
8/20/2019 16:00:00,1801.38,1814.5,1799.88,1816.82
8/21/2019 16:00:00,1823.54,1819.39,1815,1829.58
8/22/2019 16:00:00,1805.6,1828,1800.1,1829.41
8/23/2019 16:00:00,1749.62,1793.03,1745.23,1804.9
8/26/2019 16:00:00,1768.87,1766.91,1743.51,1770
8/27/2019 16:00:00,1761.83,1775.73,1746.68,1779.4
8/28/2019 16:00:00,1764.25,1755,1744.05,1767.86
8/29/2019 16:00:00,1786.4,1783,1777.25,1798.55
8/30/2019 16:00:00,1776.29,1797.49,1764.57,1799.74
9/3/2019 16:00:00,1789.84,1770,1768,1800.8
9/4/2019 16:00:00,1800.62,1805,1796.23,1807.63
9/5/2019 16:00:00,1840.72,1821.95,1815.58,1842
9/6/2019 16:00:00,1833.51,1838.22,1826.4,1840.65
9/9/2019 16:00:00,1831.35,1841,1824.61,1850
9/10/2019 16:00:00,1820.55,1822.75,1805.34,1825.81
9/11/2019 16:00:00,1822.99,1812.14,1809.08,1833.42
9/12/2019 16:00:00,1843.55,1837.63,1834.28,1853.66
9/13/2019 16:00:00,1839.34,1842.01,1835.17,1846.12
9/16/2019 16:00:00,1807.84,1824.02,1800.2,1825.69
9/17/2019 16:00:00,1822.55,1807.08,1804.1,1823.99
9/18/2019 16:00:00,1817.46,1817.04,1795.5,1822.06
9/19/2019 16:00:00,1821.5,1821.02,1817.9,1832.57
9/20/2019 16:00:00,1794.16,1821.71,1780.92,1830.63
9/23/2019 16:00:00,1785.3,1777,1767.32,1792.7
9/24/2019 16:00:00,1741.61,1790.61,1735.55,1795.71
9/25/2019 16:00:00,1768.33,1747.36,1723,1773
9/26/2019 16:00:00,1739.84,1762.79,1731.5,1763.37
9/27/2019 16:00:00,1725.45,1748,1713.82,1749.12
9/30/2019 16:00:00,1735.91,1726.99,1709.22,1737.46
10/1/2019 16:00:00,1735.65,1746,1728.41,1755.6
10/2/2019 16:00:00,1713.23,1727.74,1705,1728.89
10/3/2019 16:00:00,1724.42,1713,1685.06,1725
10/4/2019 16:00:00,1739.65,1726.02,1719.23,1740.58
10/7/2019 16:00:00,1732.66,1731.63,1723.7,1747.83
10/8/2019 16:00:00,1705.51,1722.49,1705,1727
10/9/2019 16:00:00,1721.99,1719.61,1714.36,1729.95
10/10/2019 16:00:00,1720.26,1725.24,1713.75,1738.29
10/11/2019 16:00:00,1731.92,1742.92,1729.86,1745.45
10/14/2019 16:00:00,1736.43,1728.91,1722,1741.89
10/15/2019 16:00:00,1767.38,1742.14,1740.62,1776.45
10/16/2019 16:00:00,1777.43,1773.33,1770.52,1786.24
10/17/2019 16:00:00,1787.48,1796.49,1782.02,1798.85
10/18/2019 16:00:00,1757.51,1787.8,1749.2,1793.98
10/21/2019 16:00:00,1785.66,1769.66,1765,1785.88
10/22/2019 16:00:00,1765.73,1788.15,1762,1789.78
10/23/2019 16:00:00,1762.17,1761.3,1742,1770.05
10/24/2019 16:00:00,1780.78,1771.09,1760.27,1788.34
10/25/2019 16:00:00,1761.33,1697.55,1695,1764.21
10/28/2019 16:00:00,1777.08,1748.06,1742.5,1778.7
10/29/2019 16:00:00,1762.71,1774.81,1755.81,1777
10/30/2019 16:00:00,1779.99,1760.24,1759.12,1782.38
10/31/2019 16:00:00,1776.66,1775.99,1771.48,1792
11/1/2019 16:00:00,1791.44,1788.01,1785.21,1797.45
11/4/2019 16:00:00,1804.66,1801.01,1801.01,1815.06
11/5/2019 16:00:00,1801.71,1809.16,1794,1810.25
11/6/2019 16:00:00,1795.77,1801,1788.58,1802.5
11/7/2019 16:00:00,1788.2,1803.76,1783.48,1805.9
11/8/2019 16:00:00,1785.88,1787.89,1774.04,1789.88
11/11/2019 16:00:00,1771.65,1778,1767.13,1780
11/12/2019 16:00:00,1778,1774.66,1771.91,1786.22
11/13/2019 16:00:00,1753.11,1773.39,1747.32,1775
11/14/2019 16:00:00,1754.6,1751.43,1749.56,1766.59
11/15/2019 16:00:00,1739.49,1760.05,1732.86,1761.68
11/18/2019 16:00:00,1752.53,1738.3,1722.71,1753.7
11/19/2019 16:00:00,1752.79,1756.99,1743.03,1760.68
11/20/2019 16:00:00,1745.53,1749.14,1734.12,1762.52
11/21/2019 16:00:00,1734.71,1743,1730.36,1746.87
11/22/2019 16:00:00,1745.72,1739.02,1731,1746.43
11/25/2019 16:00:00,1773.84,1753.25,1753.24,1777.42
11/26/2019 16:00:00,1796.94,1779.92,1778.35,1797.03
11/27/2019 16:00:00,1818.51,1801,1797.31,1824.5
11/29/2019 13:00:00,1800.8,1817.78,1800.79,1824.69
12/2/2019 16:00:00,1781.6,1804.4,1762.68,1805.55
12/3/2019 16:00:00,1769.96,1760,1747.23,1772.87
12/4/2019 16:00:00,1760.69,1774.01,1760.22,1789.09
12/5/2019 16:00:00,1740.48,1763.5,1740,1763.5
12/6/2019 16:00:00,1751.6,1751.2,1740.13,1754.4
12/9/2019 16:00:00,1749.51,1750.66,1745.61,1766.89
12/10/2019 16:00:00,1739.21,1747.4,1735,1750.67
12/11/2019 16:00:00,1748.72,1741.67,1735.71,1750
12/12/2019 16:00:00,1760.33,1750,1745.44,1764
12/13/2019 16:00:00,1760.94,1765,1755,1768.99
12/16/2019 16:00:00,1769.21,1767,1757.05,1769.5
12/17/2019 16:00:00,1790.66,1778.01,1777.39,1792
12/18/2019 16:00:00,1784.03,1795.02,1782.36,1798.2
12/19/2019 16:00:00,1792.28,1780.5,1774.06,1792.99
12/20/2019 16:00:00,1786.5,1799.62,1782.45,1802.97
12/23/2019 16:00:00,1793,1788.26,1784.51,1793
12/24/2019 13:00:00,1789.21,1793.81,1787.58,1795.57
12/26/2019 16:00:00,1868.77,1801.01,1799.5,1870.46
12/27/2019 16:00:00,1869.8,1882.92,1866.01,1901.4
12/30/2019 16:00:00,1846.89,1874,1840.62,1884
12/31/2019 16:00:00,1847.84,1842,1832.23,1853.26
1/2/2020 16:00:00,1898.01,1875,1864.15,1898.01
1/3/2020 16:00:00,1874.97,1864.5,1864.5,1886.2
1/6/2020 16:00:00,1902.88,1860,1860,1903.69
1/7/2020 16:00:00,1906.86,1904.5,1892.04,1913.89
1/8/2020 16:00:00,1891.97,1898.04,1886.44,1911
1/9/2020 16:00:00,1901.05,1909.89,1895.8,1917.82
1/10/2020 16:00:00,1883.16,1905.37,1880,1906.94
1/13/2020 16:00:00,1891.3,1891.31,1880.8,1898
1/14/2020 16:00:00,1869.44,1885.88,1858.55,1887.11
1/15/2020 16:00:00,1862.02,1872.25,1855.09,1878.86
1/16/2020 16:00:00,1877.94,1882.99,1866.02,1885.59
1/17/2020 16:00:00,1864.72,1885.89,1857.25,1886.64
1/21/2020 16:00:00,1892,1865,1860,1894.27
1/22/2020 16:00:00,1887.46,1896.09,1883.34,1902.5
1/23/2020 16:00:00,1884.58,1885.11,1872.76,1889.98
1/24/2020 16:00:00,1861.64,1891.37,1847.44,1894.99
1/27/2020 16:00:00,1828.34,1820,1815.34,1841
1/28/2020 16:00:00,1853.25,1840.5,1830.02,1858.11
1/29/2020 16:00:00,1858,1864,1855.02,1874.75
1/30/2020 16:00:00,1870.68,1858,1850.61,1872.87
1/31/2020 16:00:00,2008.72,2051.47,2002.27,2055.72
2/3/2020 16:00:00,2004.2,2010.6,2000.25,2048.5
2/4/2020 16:00:00,2049.67,2029.88,2015.37,2059.8
2/5/2020 16:00:00,2039.87,2071.02,2032,2071.02
2/6/2020 16:00:00,2050.23,2041.02,2024.8,2056.3
2/7/2020 16:00:00,2079.28,2041.99,2038.1,2098.53
2/10/2020 16:00:00,2133.91,2085.01,2084.96,2135.6
2/11/2020 16:00:00,2150.8,2150.9,2136,2185.95
2/12/2020 16:00:00,2160,2163.2,2155.29,2180.25
2/13/2020 16:00:00,2149.87,2144.99,2142,2170.28
2/14/2020 16:00:00,2134.87,2155.68,2125.89,2159.04
2/18/2020 16:00:00,2155.67,2125.02,2124.11,2166.07
2/19/2020 16:00:00,2170.22,2167.8,2161.12,2185.1
2/20/2020 16:00:00,2153.1,2173.07,2127.45,2176.79
2/21/2020 16:00:00,2095.97,2142.15,2088,2144.55
2/24/2020 16:00:00,2009.29,2003.18,1987.97,2039.3
2/25/2020 16:00:00,1972.74,2026.42,1958.42,2034.6
2/26/2020 16:00:00,1979.59,1970.28,1960.45,2014.67
2/27/2020 16:00:00,1884.3,1934.38,1882.76,1975
2/28/2020 16:00:00,1883.75,1814.63,1811.13,1889.76
3/2/2020 16:00:00,1953.95,1906.49,1870,1954.51
3/3/2020 16:00:00,1908.99,1975.37,1888.09,1996.33
3/4/2020 16:00:00,1975.83,1946.57,1922,1978
3/5/2020 16:00:00,1924.03,1933,1910,1960.72
3/6/2020 16:00:00,1901.09,1875,1869.5,1910.87
3/9/2020 16:00:00,1800.61,1773.86,1761.29,1862.77
3/10/2020 16:00:00,1891.82,1870.88,1818.17,1894.27
3/11/2020 16:00:00,1820.86,1857.85,1801.5,1871.32
3/12/2020 16:00:00,1676.61,1721.98,1675,1765
3/13/2020 16:00:00,1785,1755,1680.62,1786.31
3/16/2020 16:00:00,1689.15,1641.51,1626.03,1759.45
3/17/2020 16:00:00,1807.84,1775.47,1689.24,1857.78
3/18/2020 16:00:00,1830,1750,1745,1841.66
3/19/2020 16:00:00,1880.93,1860,1832.65,1945
3/20/2020 16:00:00,1846.09,1926.31,1820.73,1957
3/23/2020 16:00:00,1902.83,1827.75,1812,1919.4
3/24/2020 16:00:00,1940.1,1951.5,1900.34,1955
3/25/2020 16:00:00,1885.84,1920.69,1885.78,1950.26
3/26/2020 16:00:00,1955.49,1902,1889.29,1956.49
3/27/2020 16:00:00,1900.1,1930.86,1899.92,1939.79
3/30/2020 16:00:00,1963.95,1922.83,1912.34,1973.63
3/31/2020 16:00:00,1949.72,1964.35,1944.01,1993.02
4/1/2020 16:00:00,1907.7,1932.97,1893,1944.96
4/2/2020 16:00:00,1918.83,1901.64,1890,1927.53
4/3/2020 16:00:00,1906.59,1911.15,1889.15,1926.33
4/6/2020 16:00:00,1997.59,1936,1930.02,1998.52
4/7/2020 16:00:00,2011.6,2017.11,1997.62,2035.72
4/8/2020 16:00:00,2043,2021,2011.15,2044
4/9/2020 16:00:00,2042.76,2044.3,2017.66,2053
4/13/2020 16:00:00,2168.87,2040,2038,2180
4/14/2020 16:00:00,2283.32,2200.47,2186.21,2292
4/15/2020 16:00:00,2307.68,2257.68,2245,2333.37
4/16/2020 16:00:00,2408.19,2346,2335,2461
4/17/2020 16:00:00,2375,2372.33,2316.02,2400
4/20/2020 16:00:00,2393.61,2389.95,2386.05,2444.98
4/21/2020 16:00:00,2328.12,2416.61,2279.66,2428.31
4/22/2020 16:00:00,2363.49,2369,2351,2394
4/23/2020 16:00:00,2399.45,2399.98,2382.08,2424.22
4/24/2020 16:00:00,2410.22,2417,2382,2420.43
4/27/2020 16:00:00,2376,2443.2,2363,2444.88
4/28/2020 16:00:00,2314.08,2372.1,2306,2373.5
4/29/2020 16:00:00,2372.71,2330.01,2310,2391.89
4/30/2020 16:00:00,2474,2419.84,2396.01,2475
5/1/2020 16:00:00,2286.04,2336.8,2258.19,2362.44
5/4/2020 16:00:00,2315.99,2256.38,2256.38,2326.98
5/5/2020 16:00:00,2317.8,2340,2307.13,2351
5/6/2020 16:00:00,2351.26,2329.44,2320,2357.45
5/7/2020 16:00:00,2367.61,2374.78,2343.11,2376
5/8/2020 16:00:00,2379.61,2372.14,2357,2387.24
5/11/2020 16:00:00,2409,2374.7,2372.11,2419.67
5/12/2020 16:00:00,2356.95,2411.85,2355,2419
5/13/2020 16:00:00,2367.92,2366.8,2337.8,2407.7
5/14/2020 16:00:00,2388.85,2361.01,2353.21,2391.37
5/15/2020 16:00:00,2409.78,2368.52,2356.37,2411
5/18/2020 16:00:00,2426.26,2404.35,2384.01,2433
5/19/2020 16:00:00,2449.33,2429.83,2428.97,2485
5/20/2020 16:00:00,2497.94,2477.87,2467.27,2500.01
5/21/2020 16:00:00,2446.74,2500,2442.54,2525.45
5/22/2020 16:00:00,2436.88,2455.01,2430.13,2469.85
5/26/2020 16:00:00,2421.86,2458,2414.06,2462
5/27/2020 16:00:00,2410.39,2404.99,2330,2413.58
5/28/2020 16:00:00,2401.1,2384.33,2378.23,2436.97
5/29/2020 16:00:00,2442.37,2415.94,2398.2,2442.37
6/1/2020 16:00:00,2471.04,2448,2444.17,2476.93
6/2/2020 16:00:00,2472.41,2467,2445.31,2473.53
6/3/2020 16:00:00,2478.4,2468.01,2461.17,2488
6/4/2020 16:00:00,2460.6,2477.43,2450.01,2507.54
6/5/2020 16:00:00,2483,2444.51,2437.13,2488.65
6/8/2020 16:00:00,2524.06,2500.2,2487.34,2530
6/9/2020 16:00:00,2600.86,2529.44,2525,2626.43
6/10/2020 16:00:00,2647.45,2645,2626.26,2722.35
6/11/2020 16:00:00,2557.96,2603.5,2536.23,2671.38
6/12/2020 16:00:00,2545.02,2601.21,2503.35,2621.48
6/15/2020 16:00:00,2572.68,2526.6,2508,2584
6/16/2020 16:00:00,2615.27,2620,2576,2620
6/17/2020 16:00:00,2640.98,2647.5,2631.82,2655
6/18/2020 16:00:00,2653.98,2647.01,2636.11,2659.64
6/19/2020 16:00:00,2675.01,2678.08,2659,2697.43
6/22/2020 16:00:00,2713.82,2684.5,2669,2715
6/23/2020 16:00:00,2764.41,2726.02,2718.04,2783.11
6/24/2020 16:00:00,2734.4,2780,2721,2796
6/25/2020 16:00:00,2754.58,2739.55,2712.14,2756.23
6/26/2020 16:00:00,2692.87,2775.06,2688,2782.57
6/29/2020 16:00:00,2680.38,2690.01,2630.08,2696.8
6/30/2020 16:00:00,2758.82,2685.07,2675.03,2769.63
7/1/2020 16:00:00,2878.7,2757.99,2754,2895
7/2/2020 16:00:00,2890.3,2912.01,2871.1,2955.56
7/6/2020 16:00:00,3057.04,2934.97,2930,3059.88
7/7/2020 16:00:00,3000.12,3058.55,2990,3069.55
7/8/2020 16:00:00,3081.11,3022.61,3012.43,3083.97
7/9/2020 16:00:00,3182.63,3115.99,3074,3193.88
7/10/2020 16:00:00,3200,3191.76,3135.7,3215
7/13/2020 16:00:00,3104,3251.06,3068.39,3344.29
7/14/2020 16:00:00,3084,3089,2950,3127.38
7/15/2020 16:00:00,3008.87,3080.23,2973.18,3098.35
7/16/2020 16:00:00,2999.9,2971.06,2918.23,3032
7/17/2020 16:00:00,2961.97,3009,2948.45,3024
7/20/2020 16:00:00,3196.84,3000.2,2994.02,3201.36
7/21/2020 16:00:00,3138.29,3232.49,3105.72,3240.58
7/22/2020 16:00:00,3099.91,3125,3065.26,3150
7/23/2020 16:00:00,2986.55,3098.27,2970,3098.27
7/24/2020 16:00:00,3008.91,2930,2888,3031.58
7/27/2020 16:00:00,3055.21,3062,3015.77,3098
7/28/2020 16:00:00,3000.33,3054.27,2995.76,3077.09
7/29/2020 16:00:00,3033.53,3030.99,2996.77,3039.16
7/30/2020 16:00:00,3051.88,3014,3005,3092
7/31/2020 16:00:00,3164.68,3244,3151,3246.82
8/3/2020 16:00:00,3111.89,3180.51,3104,3184
8/4/2020 16:00:00,3138.83,3101.21,3101.21,3167.24
8/5/2020 16:00:00,3205.03,3143.77,3127.3,3213.59
8/6/2020 16:00:00,3225,3194.36,3165.43,3247.47
8/7/2020 16:00:00,3167.46,3224.01,3140.67,3240.81
8/10/2020 16:00:00,3148.16,3170.31,3101.52,3172.51
8/11/2020 16:00:00,3080.67,3113.2,3073,3159.22
8/12/2020 16:00:00,3162.24,3108,3101.42,3174.39
8/13/2020 16:00:00,3161.02,3182.99,3155,3217.52
8/14/2020 16:00:00,3148.02,3178.18,3120,3178.24
8/17/2020 16:00:00,3182.41,3173.12,3154.18,3194.97
8/18/2020 16:00:00,3312.49,3212,3205.82,3320
8/19/2020 16:00:00,3260.48,3303.01,3256,3315.9
8/20/2020 16:00:00,3297.37,3252,3238,3312.62
8/21/2020 16:00:00,3284.72,3295,3275.39,3314.4
8/24/2020 16:00:00,3307.46,3310.15,3257.56,3380.32
8/25/2020 16:00:00,3346.49,3294.99,3267,3357.4
8/26/2020 16:00:00,3441.85,3351.11,3344.57,3451.74
8/27/2020 16:00:00,3400,3450.05,3378,3453
8/28/2020 16:00:00,3401.8,3423,3386.5,3433.37
8/31/2020 16:00:00,3450.96,3408.99,3405,3495
9/1/2020 16:00:00,3499.12,3489.58,3467,3513.87
9/2/2020 16:00:00,3531.45,3547,3486.69,3552.25
9/3/2020 16:00:00,3368,3485,3303,3488.41
9/4/2020 16:00:00,3294.62,3318,3111.13,3381.5
9/8/2020 16:00:00,3149.84,3144,3130,3250.85
9/9/2020 16:00:00,3268.61,3202.99,3185,3303.18
9/10/2020 16:00:00,3175.11,3307.22,3170.55,3349.89
9/11/2020 16:00:00,3116.22,3208.69,3083.98,3217.34
9/14/2020 16:00:00,3102.97,3172.94,3096,3187.39
9/15/2020 16:00:00,3156.13,3136.16,3108.92,3175.02
9/16/2020 16:00:00,3078.1,3179.99,3074.15,3187.24
9/17/2020 16:00:00,3008.73,3009.25,2972.55,3029.43
9/18/2020 16:00:00,2954.91,3031.74,2905.54,3037.8
9/21/2020 16:00:00,2960.47,2906.5,2871,2962
9/22/2020 16:00:00,3128.99,3033.84,3000.2,3133.99
9/23/2020 16:00:00,2999.86,3120.43,2992.38,3127
9/24/2020 16:00:00,3019.79,2977.79,2965,3069.3
9/25/2020 16:00:00,3095.13,3054.86,2999,3101.54
9/28/2020 16:00:00,3174.05,3148.85,3117.17,3175.04
9/29/2020 16:00:00,3144.88,3175.39,3132.54,3188.26
9/30/2020 16:00:00,3148.73,3141.14,3133.99,3212.88
10/1/2020 16:00:00,3221.26,3208,3172,3224
10/2/2020 16:00:00,3125,3153.63,3123,3195.8
10/5/2020 16:00:00,3199.2,3145.84,3140.85,3202.53
10/6/2020 16:00:00,3099.96,3165,3090,3182
10/7/2020 16:00:00,3195.69,3135,3132.39,3200
10/8/2020 16:00:00,3190.55,3224.99,3174.99,3233.29
10/9/2020 16:00:00,3286.65,3210,3197.83,3288.99
10/12/2020 16:00:00,3442.93,3349.94,3339.55,3496.24
10/13/2020 16:00:00,3443.63,3467.99,3424.22,3492.38
10/14/2020 16:00:00,3363.71,3447,3340,3464.88
10/15/2020 16:00:00,3338.65,3292.01,3280,3355.88
10/16/2020 16:00:00,3272.71,3363.23,3160,3399.66
10/19/2020 16:00:00,3207.21,3299.61,3192.74,3329
10/20/2020 16:00:00,3217.01,3222.28,3192.01,3266
10/21/2020 16:00:00,3184.94,3212.5,3160,3233.88
10/22/2020 16:00:00,3176.4,3189.87,3121.94,3198.75
10/23/2020 16:00:00,3204.4,3191,3140,3205.33
10/26/2020 16:00:00,3207.04,3198.74,3153.3,3282.98
10/27/2020 16:00:00,3286.33,3224.94,3211.3,3291.66
10/28/2020 16:00:00,3162.78,3249.3,3162.47,3264.02
10/29/2020 16:00:00,3211.01,3201.27,3164,3257.25
10/30/2020 16:00:00,3036.15,3157.75,3019,3167
11/2/2020 16:00:00,3004.48,3061.74,2950.12,3079.71
11/3/2020 16:00:00,3048.41,3018.53,2980.98,3074.9
11/4/2020 16:00:00,3241.16,3159.99,3139.73,3244.85
11/5/2020 16:00:00,3322,3319.97,3288.88,3366.8
11/6/2020 16:00:00,3311.37,3304.64,3232,3322
11/9/2020 16:00:00,3143.74,3231.03,3112.11,3289
11/10/2020 16:00:00,3035.02,3095.02,3019.48,3114
11/11/2020 16:00:00,3137.39,3061.78,3050,3139.15
11/12/2020 16:00:00,3110.28,3159.95,3086.05,3175.88
11/13/2020 16:00:00,3128.81,3122,3085.39,3141.72
11/16/2020 16:00:00,3131.06,3093.2,3072.69,3142.7
11/17/2020 16:00:00,3135.66,3183.54,3135.26,3189.25
11/18/2020 16:00:00,3105.46,3134,3105.1,3140
11/19/2020 16:00:00,3117.02,3105.31,3080.92,3125
11/20/2020 16:00:00,3099.4,3117.02,3098.05,3132.89
11/23/2020 16:00:00,3098.39,3116.7,3065.46,3139.75
11/24/2020 16:00:00,3118.06,3100.5,3086.26,3134.25
11/25/2020 16:00:00,3185.07,3141.87,3140.26,3198
11/27/2020 13:00:00,3195.34,3211.26,3190.05,3216.19
11/30/2020 16:00:00,3168.04,3208.48,3125.55,3228.39
12/1/2020 16:00:00,3220.08,3188.5,3157.18,3248.95
12/2/2020 16:00:00,3203.53,3221.65,3173.26,3232
12/3/2020 16:00:00,3186.73,3205.46,3181.31,3228.64
12/4/2020 16:00:00,3162.58,3198.21,3158.76,3198.21
12/7/2020 16:00:00,3158,3156.48,3141.69,3180.76
12/8/2020 16:00:00,3177.29,3158.9,3120.02,3184.13
12/9/2020 16:00:00,3104.2,3167.89,3088,3174.43
12/10/2020 16:00:00,3101.49,3088.99,3076,3142.1
12/11/2020 16:00:00,3116.42,3096.66,3072.82,3118.67
12/14/2020 16:00:00,3156.97,3143,3126,3190.47
12/15/2020 16:00:00,3165.12,3181.01,3130.49,3188.5
12/16/2020 16:00:00,3240.96,3176.01,3163.68,3247
12/17/2020 16:00:00,3236.08,3250,3221,3263.51
12/18/2020 16:00:00,3201.65,3243.99,3171.6,3249.42
12/21/2020 16:00:00,3206.18,3200.01,3166,3226.97
12/22/2020 16:00:00,3206.52,3202.84,3180.08,3222
12/23/2020 16:00:00,3185.27,3205,3184.17,3210.13
12/24/2020 13:00:00,3172.69,3193.9,3169,3202
12/28/2020 16:00:00,3283.96,3194,3172.69,3304
12/29/2020 16:00:00,3322,3309.94,3281.22,3350.65
12/30/2020 16:00:00,3285.85,3341,3282.47,3342.1
12/31/2020 16:00:00,3256.93,3275,3241.2,3282.92
1/4/2021 16:00:00,3186.63,3270,3144.02,3272
1/5/2021 16:00:00,3218.51,3166.01,3165.06,3223.38
1/6/2021 16:00:00,3138.38,3146.48,3131.16,3197.51
1/7/2021 16:00:00,3162.16,3157,3155,3208.54
1/8/2021 16:00:00,3182.7,3180,3142.2,3190.64
1/11/2021 16:00:00,3114.21,3148.01,3110,3156.38
1/12/2021 16:00:00,3120.83,3120,3086,3142.14
1/13/2021 16:00:00,3165.89,3128.44,3122.08,3189.95
1/14/2021 16:00:00,3127.47,3167.52,3120.59,3178
1/15/2021 16:00:00,3104.25,3123.02,3095.17,3142.55
1/19/2021 16:00:00,3120.76,3107,3096,3145
1/20/2021 16:00:00,3263.38,3181.99,3175,3279.8
1/21/2021 16:00:00,3306.99,3293,3289.57,3348.55
1/22/2021 16:00:00,3292.23,3304.31,3283.16,3321.91
1/25/2021 16:00:00,3294,3328.5,3243.15,3363.89
1/26/2021 16:00:00,3326.13,3296.36,3282.87,3338
1/27/2021 16:00:00,3232.58,3341.49,3207.08,3346.52
1/28/2021 16:00:00,3237.62,3235.04,3228.69,3301.68
1/29/2021 16:00:00,3206.2,3230,3184.55,3236.99
2/1/2021 16:00:00,3342.88,3242.36,3235.03,3350.26
2/2/2021 16:00:00,3380,3380,3361.13,3427.74
2/3/2021 16:00:00,3312.53,3425.01,3308.62,3434
2/4/2021 16:00:00,3331,3330,3277.75,3347
2/5/2021 16:00:00,3352.15,3319,3302.71,3377
2/8/2021 16:00:00,3322.94,3358.5,3304,3365
2/9/2021 16:00:00,3305,3312.49,3297.84,3338
2/10/2021 16:00:00,3286.58,3314,3254,3317.95
2/11/2021 16:00:00,3262.13,3292,3248.06,3292
2/12/2021 16:00:00,3277.71,3250,3233.31,3280.25
2/16/2021 16:00:00,3268.95,3254.05,3253.59,3308.3
2/17/2021 16:00:00,3308.64,3263.6,3259.5,3320.91
2/18/2021 16:00:00,3328.23,3282.42,3273.94,3338
2/19/2021 16:00:00,3249.9,3328.23,3245.75,3333.5
2/22/2021 16:00:00,3180.74,3208.13,3172.26,3232.32
2/23/2021 16:00:00,3194.5,3127.03,3093.6,3204.73
2/24/2021 16:00:00,3159.53,3166.75,3125.38,3171.23
2/25/2021 16:00:00,3057.16,3136.74,3047.76,3178.26
2/26/2021 16:00:00,3092.93,3095.2,3036.7,3122.44
3/1/2021 16:00:00,3146.14,3127.89,3097.99,3149.56
3/2/2021 16:00:00,3094.53,3143.47,3087.12,3163.52
3/3/2021 16:00:00,3005,3081.18,2995,3107.78
3/4/2021 16:00:00,2977.57,3012,2945.43,3058.13
3/5/2021 16:00:00,3000.46,3005,2881,3009
3/8/2021 16:00:00,2951.95,3015,2951.31,3064.59
3/9/2021 16:00:00,3062.85,3017.99,3005.15,3090.96
3/10/2021 16:00:00,3057.64,3098.45,3030.05,3116.46
3/11/2021 16:00:00,3113.59,3104.01,3082.93,3131.78
3/12/2021 16:00:00,3089.49,3075,3045.5,3098.98
3/15/2021 16:00:00,3081.68,3074.57,3032.09,3082.24
3/16/2021 16:00:00,3091.86,3104.97,3075.86,3128.91
3/17/2021 16:00:00,3135.73,3073.22,3070.22,3173.05
3/18/2021 16:00:00,3027.99,3101,3025,3116.63
3/19/2021 16:00:00,3074.96,3029.23,3016.63,3077.29
3/22/2021 16:00:00,3110.87,3067.85,3060.05,3126.58
3/23/2021 16:00:00,3137.5,3127,3120.85,3182
3/24/2021 16:00:00,3087.07,3151.04,3085.15,3160.31
3/25/2021 16:00:00,3046.26,3072.99,3037.14,3109.78
3/26/2021 16:00:00,3052.03,3044.06,2996,3056.66
3/29/2021 16:00:00,3075.73,3055.44,3028.45,3091.25
3/30/2021 16:00:00,3055.29,3070.01,3034,3073
3/31/2021 16:00:00,3094.08,3064.06,3062.5,3119.33
4/1/2021 16:00:00,3161,3117.94,3115.55,3162.44
4/5/2021 16:00:00,3226.73,3173,3161.24,3235.96
4/6/2021 16:00:00,3223.82,3223.75,3217.04,3247.31
4/7/2021 16:00:00,3279.39,3233.8,3223.65,3303.61
4/8/2021 16:00:00,3299.3,3310.9,3292,3324.5
4/9/2021 16:00:00,3372.2,3304.7,3288.9,3372.2
4/12/2021 16:00:00,3379.39,3355.21,3351.15,3395.04
4/13/2021 16:00:00,3400,3400.85,3395.63,3432
4/14/2021 16:00:00,3333,3404.04,3326,3404.13
4/15/2021 16:00:00,3379.09,3371,3352,3397